Title,Author ,MF,Series,Rating,Year,Date Read,Owned?,Keywords,Century,Drama,SF,Fantasy,Detectives,Spies,Comedy,History,Non-fiction,Stories,,Thoughts
The Just City,"Walton, Jo",1,Thessaly,3,2015,19/10/2019,1,,NA,,,1,,,,,,,,
Ripley's Game,"Highsmith, Patricia",1,Ripley,4,1974,15/10/2019,1,,20,,,,,,,,,,,
Ripley Under Ground,"Highsmith, Patricia",1,Ripley,3,1970,07/10/2019,1,,20,,,,,,,,,,,
The Silence of the Girls,"Barker, Pat",1,,3,2018,30/09/2019,1,iliad,NA,,,,,,,,,,,
Raffles the Amateur Cracksman,"Hornung, EW",0,,3,1901,29/09/2019,1,,19,,,,,,,,,1,,
The First Fifteen Lives of Harry August,"North, Claire",1,,2,2014,23/09/2019,0,,20,,,1,,,,,,,,
City of Stairs,"Bennett, Robert Jackson",0,Divine Cities,4,2014,21/09/2019,0,,NA,,,1,,,,,,,,
Equations of Life,"Morden, Simon",0,Petrovich,2,2011,14/09/2019,0,,21,,1,,,,,,,,,
Acts of the Assassins,"Beard, Richard",0,,4,2015,10/09/2019,0,,NA,,,,1,,,,,,,
The Anubis Gates,"Powers, Tim",0,,3,1983,06/09/2019,1,,19,,,1,,,,,,,,
At Mrs Lippincote's,"Taylor, Elizabeth",1,,2,1945,31/08/2019,1,,20,,,,,,,,,,,
Because Internet,"McCulloch, Gretchen",1,,3,2019,25/08/2019,0,,21,,,,,,,,1,,,
Water Shall Refuse Them,"Hardy, Lucie McNight",1,,3,2019,22/08/2019,1,,20,,,,,,,,,,,
Blackfish City,"Miller, Sam J",0,,4,2018,17/08/2019,0,,21,,1,,,,,,,,,
Human Voices,"Fitzgerald, Penelope",1,,2,1980,09/08/2019,0,second world war,20,,,,,,,,,,,
The Rift,"Allan, Nina",1,,4,2017,04/08/2019,0,,21,,,,,,,,,,,
Washington Black,"Edugyan, Esi",1,,3,2018,29/07/2019,0,,19,,,,,,,1,,,,
Transcription,"Atkinson, Kate",1,,3,2018,23/07/2019,1,,20,,,,,1,,,,,,
The Hanging Tree,"Aaronovitch, Ben",0,Peter Gran,3,2016,17/07/2019,1,,21,,,1,1,,,,,,,
The Electric Michaelangelo,"Hall, Sarah",1,,3,2005,15/07/2019,1,,20,,,,,,,,,,,
The House on Vesper Sands,"O'Donnell, Paraic",0,,4,2018,06/07/2019,1,Gothic,19,,,,1,,,,,,,
Conversations With Friends,"Rooney, Sally",1,,4,2017,02/07/2019,1,Ireland,21,,,,,,,,,,,
The Winged Histories,"Samatar, Sofia",1,Olondria,4,2016,29/06/2019,1,,NA,,,1,,,,,,,,
Alif the Unseen,"Wilson, G Willow",1,,3,2012,28/06/2019,1,,21,,,1,,,,,,,,
Ninefox Gambit,"Lee, Yoon Ha",0,Machineries of Empire,2,2016,24/06/2019,1,,NA,,1,1,,,,,,,,
The Invisible Circus,"Egan, Jennifer",1,,3,1995,16/06/2019,0,,20,,,,,,,,,,,
Half a War,"Abercrombie, Joe",0,Shattered Sea,4,2015,10/06/2019,0,,NA,,,1,,,,,,,,
Half the World,"Abercrombie, Joe",0,Shattered Sea,4,2015,05/06/2019,0,,NA,,,1,,,,,,,,
Foundryside,"Bennett, Robert Jackson",0,Founders,4,2018,01/06/2019,0,,NA,,,1,,,,,,,,
When WIll There Be Good News?,"Atkinson, Kate",1,Jackson Brodie,3,2008,26/05/2019,1,,21,,,,1,,,,,,,
The Poppy War,"Huang, R F",1,,3,2018,23/05/2019,0,,NA,,,1,,,,,,,,
Circe,"Miller, Madeline",1,,4,2018,16/05/2019,1,,NA,,,1,,,,,,,,
Half a King,"Abercrombie, Joe",0,Shattered Sea,4,2014,13/05/2019,0,,NA,,,1,,,,,,,,
The Talented Mr Ripley,"Highsmith, Patricia",1,Tom Ripley,4,1955,08/05/2019,0,,20,,,,,,,,,,,
Dead Lions,"Herron, Mick",0,Slough House,3,2013,03/05/2019,0,,21,,,,,1,,,,,,
At Freddie's,"Fitzgerald, Penelope",1,,3,1982,01/05/2019,0,,20,,,,,,1,,,,,
The Grace of Kings,"Liu, Ken",0,,2,2015,28/04/2019,0,,NA,,,1,,,,,,,,
Cassandra at the Wedding,"Baker, Dorothy",1,,4,1962,26/04/2019,0,,20,,,,,,1,,,,,
The Race,"Allan, Nina",1,,3,2014,17/04/2019,0,,22,,1,,,,,,,,,
The Betrayal,"Dunmore, Helen",1,,4,2010,13/04/2019,0,,20,,,,,,,1,,,,
Slow Horses,"Herron, Mick",0,Slough House,3,2010,06/04/2019,0,,21,,,,,1,,,,,,
Seven Surrenders,"Palmer, Ada",1,Terrra Ignota,2,2017,03/04/2019,0,,25,,1,,,,,,,,,
The Western Wind,"Harvey, Samantha",1,,3,2018,29/03/2019,0,,15,,,,,,,1,,,,
Nobody Walks,"Herron, Mick",0,,3,2015,22/03/2019,0,,21,,,,,1,,,,,,
Exposure,"Dunmore, Helen",1,,3,2016,19/03/2019,0,,20,,,,,1,,,,,,
Aurora Rising,"Reynolds, Alastair",0,Dreyfus,3,2007,17/03/2019,1,,25,,1,,,,,,,,,
We Have Always Lived in the Castle,"Jackson, Shirley",1,,4,1962,08/03/2019,0,,20,,,,,,,,,,,
84k,"North, Claire",1,,3,2018,05/03/2019,1,,21,,1,,,,,,,,,
Fen,"Johnson, Daisy",1,,4,2016,02/03/2019,0,,21,,,,,,,,,1,,
Too Like The Lightning,"Palmer, Ada",1,Terra Ignota,3,2016,23/02/2019,0,,25,,1,,,,,,,,,
One Good Turn,"Atkinson, Kate",1,Jackson Brodie,3,2007,15/02/2019,1,,21,,,,1,,,,,,,
Gnomon,"Harkaway, Nick",0,,3,2017,09/02/2019,1,,21,,1,,,,,,,,,
Acceptance,"VanderMeer, Jeff",0,Southern Reach,3,2014,05/02/2019,0,,21,,,,,,,,,,,
The Idiot,"Batuman, Elif",1,,3,2017,23/01/2019,0,"campus, america, hungary",20,,,,,,,,,,,
This Census Taker,"Mieville, China",0,,4,2016,10/01/2019,0,,NA,,,1,,,,,,,,
Spook Country,"Gibson, William",0,Blue Ant,4,2007,09/01/2019,1,,21,,,,,1,,,,,,
The Means of Escape,"Fitzgerald, Penelope",1,,3,2001,04/01/2019,0,,NA,,,,,,,,,1,,
Golden Apples of the Sun,"Bradbury, Ray",0,,2,1953,28/12/2018,1,,NA,,,,,,,,,1,,
Sugar Money,"Harris, Jane",1,,4,2017,21/12/2018,0,,21,,,,,,,1,,,,
"He, She and It","Piercy, Marge",1,,4,1992,16/12/2018,1,cyberpunk,21,,1,,,,,,,,,
After Me Comes the Flood,"Perry, Sarah",1,,3,2014,14/12/2018,0,,21,,,,,,,,,,,
Autonomous,"Newitz, Annalee",1,,3,2017,04/12/2018,0,,22,,1,,,,,,,,,
Case Histories,"Atkinson, Kate",1,Jackson Brodie,4,2004,28/11/2018,0,,21,,,,1,,,,,,,
The Night Circus,"Morgenstein, Erin",1,,4,2011,20/11/2018,0,,19,,,1,,,,,,,,
The Dispossessed,"Le Guin, Ursula K",1,,4,1974,15/11/2018,0,,NA,,1,,,,,,,,,
A Madness of Angels,"Griffin, Kate",1,,2,2008,09/11/2018,0,,21,,,1,,,,,,,,
Murder in the Dark,"Atwood, Margaret",1,,3,1983,30/10/2018,0,,20,,,,,,,,,1,,
Madame Zero,"Hall, Sarah",1,,3,2017,26/10/2018,0,,21,,,,,,,,,1,,
At Hawthorn Time,"Harrison, Melissa",1,,3,2015,20/10/2018,0,,21,,,,,,,,,,,
The Sudden Appearance of Hope,"North, Claire",1,,4,2016,13/10/2018,0,,21,,,,,,,,,,,
Tehanu,"Le Guin, Ursula K",1,Earthsea,4,1990,07/10/2018,1,,Na,,,1,,,,,,,,
Sisters by a River,"Comyns, Barbara",1,,3,1947,02/10/2018,0,,20,,,,,,,,,,,
The End of the Day,"North, Claire",1,,5,2017,23/09/2018,0,,21,,,,,,,,,,,
Sea of Rust,"Cargill, C Robert",0,,3,2017,21/09/2018,1,,NA,,1,,,,,,,,,
The Lost Flowers of Alice Hart,"Ringland, Holly",1,,4,2018,15/09/2018,1,australia,21,,,,,,,,,,,
Jamaica Inn ,"Du Maurier, Daphne",1,,3,1936,04/09/2018,1,,19,,,,,,,1,,,,
Cibola Burn,"Corey, James M",0,Expanse 4,3,2014,27/08/2018,0,,22,,1,,,,,,,,,
Kindred,"Butler, Octavia",1,,4,1979,23/08/2018,0,,19,,,,,,,1,,,,
The Rise of Ransom City,"Gilman, Felix",0,,3,2012,20/08/2018,1,signed,NA,,,1,,,,,,,,
The Wolf Border,"Hall, Sarah",1,,4,2015,18/08/2018,1,,21,,,,,,,,,,,
The Last Days of New Paris,"Mieville, China",0,,3,2016,07/08/2018,0,,20,,,1,,,,,,,,
Provenance,"Leckie, Ann",1,,3,2017,01/08/2018,1,,NA,,1,,,,,,,,,
The Poisonwood Bible,"Kingsolver, Barbara",1,,3,1998,26/07/2018,0,congo,20,,,,,,,,,,,
Different class,"Harris, Joanne",1,,3,2016,20/07/2018,0,,21,,,,,,,,,,,
The Hoarder,"Kidd, Jess",1,,4,2018,12/07/2018,0,,21,,,,,,,,,,,
Daughter of Smoke and Bone,"Taylor, Laini",1,,3,2011,03/07/2018,0,,21,,,1,,,,,,,,
The Essex Serpent,"Perry, Sarah",1,,4,2016,30/06/2018,0,,19,,,,,,,1,,,,
Manhattan Beach,"Egan, Jennifer",1,,4,2017,17/06/2018,1,,20,,,,,,,1,,,,
A Stranger in Olondria,"Samatar, Sofia",1,,5,2013,12/06/2018,1,,NA,,,1,,,,,,,,
Emperor of the Eight Islands,"Hearn, Lian",1,,3,2016,08/06/2018,0,japan,NA,,,1,,,,,,,,
The Comforters,"Spark, Muriel",1,,3,1957,03/06/2018,0,,20,,,,,,,,,,,
The Public Image,"Spark, Muriel",1,,4,1968,28/05/2018,0,,20,,,,,,,,,,,
The Trees,"Shaw, Ali",0,,2,2016,25/05/2018,1,,21,,,1,,,,,,,,
Archangel,"Gibson, William",0,,2,2017,19/05/2018,1,time travel,20,,1,,,1,,,,,,
The Blood Miracles,"McInerney, Lisa",1,,4,2017,16/05/2018,0,,21,,,,,,,,,,,
Barricade,"Wallace, Jon",0,,4,2014,12/05/2018,0,,21,,1,,,,,,,,,
Fell,"Ashworth, Jenn",1,,4,2016,09/05/2018,0,,20,,,,,,,,,,,
Weapons of Math Destruction,"O'Neil, Cathy",1,,3,2016,07/05/2018,1,,21,,,,,,,,1,,,
Boneshaker,"Priest, Cherie",1,,3,2009,27/04/2018,1,steampunk,19,,,1,,,,,,,,
The Keep,"Egan, Jennifer",1,,3,2006,23/04/2018,1,,21,,,,,,,,,,,
The Carhullan Army,"Hall, Sarah",1,,4,2008,13/04/2018,1,dystopian,21,,,,,,,,,,,
The Autograph Man,"Smith, Zadie",1,,3,2002,08/04/2018,0,,20,,,,,,,,,,,
The Silver Tide,"Williams, Jen",1,,2,2016,29/03/2018,0,,NA,,,1,,,,,,,,
Lady Oracle,"Atwood, Margaret",1,,3,1976,20/03/2018,0,,20,,,,,,,,,,,
Sula,"Morrison, Toni",1,,3,1973,09/03/2018,0,,20,,,,,,,,,,,
Station 11,"St John Mandel, Emily",1,,3,2014,04/03/2018,0,apocalyptic,21,,1,,,,,,,,,
The Vagrant,"Newman, Peter",0,,4,2015,02/03/2018,1,apocalyptic,NA,,,1,,,,,,,,
Occupy me,"Sullivan, Tricia",1,,3,2016,21/02/2018,1,,21,,1,,,,,,,,,
The Farthest Shore,"Le Guin, Ursula K",1,,4,1973,17/02/2018,1,childrens,NA,,,1,,,,,,,,
Behind the scenes at the museum,"Atkinson, Kate",1,,3,1995,14/02/2018,0,,20,,,,,,1,,,,,
The Obelisk Gate,"Jemisin, NK",1,,4,2016,31/01/2018,1,,NA,,,1,,,,,,,,
Revenger,"Reynolds, Alastair",0,,3,2016,24/01/2018,0,,NA,,1,,,,,,,,,
Swing Time,"Smith, Zadie",1,,4,2009,17/01/2018,0,,20,,,,,,,,,,,
The Tombs of Atuan,"Le Guin, Ursula K",1,,4,1970,13/01/2018,1,childrens,NA,,,1,,,,,,,,
Borderline,"Baker, Mishell",1,,3,2016,04/01/2018,1,,21,,,1,,,,,,,,
A Wizard of Earthsea,"Le Guin, Ursula K",1,,4,1968,30/12/2017,1,childrens,NA,,,1,,,,,,,6,
The Many Selves of Katherine North,"Geen, Emma",1,,2,2016,26/12/2017,0,,21,,1,,,,,,,,1,
The Book of Phoenix,"Okorafor, Nnedi",1,,3,2015,22/12/2017,0,,22,,1,1,,,,,,,1,
Coroner's Pidgin,"Allingham, Margery",1,,3,1945,18/12/2017,1,,20,,,,1,,,,,,3,
The Shipping News,"Proulx, Annie",1,,4,1993,09/12/2017,0,,20,,,,,,,,,,1,
Magician's Guild,"Canavan, Trudi",1,,2,2004,03/12/2017,0,,NA,,,1,,,,,,,1,
House of Binding Thorns,"de Bodard, Aliette",1,,4,2017,26/11/2017,1,signed,20,,,1,,,,,,,2,
House of Suns,"Reynolds, Alastair",0,,3,2008,10/11/2017,1,audiobook,NA,,1,,,,,,,,8,
The Fifth Season,"Jemisin, NK",1,,4,2015,08/11/2017,1,,NA,,,1,,,,,,,2,
Black Plumes,"Allingham, Margery",1,,2,1940,28/10/2017,1,,20,,,,1,,,,,,3,
The Bricks That Built the Houses,"Tempest, Kate",1,,4,2016,27/10/2017,0,drugs,21,,,,,,,,,,1,
City of Circles,"Richards, Jess",1,,2,2017,20/10/2017,0,,20,,,1,,,,,,,3,
Slade House,"Mitchell, David",0,,3,2015,17/10/2017,1,audiobook,20,,,1,,,,,,,7,
The Pursuit of Love,"Mitford, Nancy",1,,3,1945,12/10/2017,1,,20,,,,,,1,,,,6,
Himself,"Kidd, Jess",1,,4,2016,06/10/2017,0,,20,,,1,,,,1,,,2,
Abaddon's Gate,"Corey, James M",0,,3,2013,06/10/2017,1,,NA,,1,,,,,,,,4,
City of Woven Streets,"Itäranta, Emmi ",1,,2,2015,26/09/2017,0,,NA,,,1,,,,,,,1,
The Power,"Alderman, Naomi",1,,5,2016,18/09/2017,1,,21,,1,,,,,,,,1,
The Daughter of Time,"Tey, Josephine",1,,3,1951,16/09/2017,1,,20,,,,1,,,1,,,1,
The Song of Achilles,"Miller, Madeline",1,,4,2011,12/09/2017,0,classics,BC,,,1,,,,1,,,2,
Snow Crash,"Stephenson, Neal",0,,2,2000,08/09/2017,1,audiobook,21,,1,,,,,,,,7,
Mystery Mile,"Allingham, Margery",1,,3,1930,01/09/2017,1,,20,,,,1,,,,,,3,
Brick Lane,"Ali, Monica",1,,3,2003,24/08/2017,0,"london, pakistan",21,,,,,,,,,,1,
Emotionally Weird,"Atkinson, Kate",1,,3,2001,15/08/2017,0,campus,20,,,,,,1,,,,7,
Synners,"Cadigan, Pat",1,,3,1991,01/08/2017,1,,21,,1,,,,,,,,1,
Pattern Recognition,"Gibson, William",0,,4,2003,29/07/2017,1,audiobook,21,,,,,,,,,,6,
The Time of the Angels,"Murdoch, Iris",1,,3,1966,18/07/2017,1,,20,,,,,,,,,,10,
Declare,"Powers, Tim",0,,2,2001,10/07/2017,1,audiobook,20,,,1,,1,,1,,,3,
Last Night in Montreal,"St John Mandel, Emily",1,,3,2009,03/07/2017,0,,21,,,,,,,,,,2,
Caliban's War,"Corey, James M",0,,3,2016,23/06/2017,1,audiobook,NA,,1,,,,,,,,4,
Leviathan Wakes,"Corey, James M",0,,3,2015,10/06/2017,1,audiobook,NA,,1,,,,,,,,4,
The Heroes,"Abercrombie, Joe",0,,4,2011,29/05/2017,1,audiobook,NA,,,1,,,,,,,9,
Saints of the Shadow Bible,"Rankin, Ian",0,,3,2014,20/05/2017,0,audiobook,21,,,,1,,,,,,3,
The Portable Veblen,"McKenzie, Elizabeth",1,,3,2016,12/05/2017,0,,21,,,,,,,,,,1,
Glorious Angels,"Robson, Justina",1,,3,2015,05/05/2017,1,,NA,,1,1,,,,,,,2,
All the Birds in the Sky,"Anders, Charlie Jane",1,,1,2016,20/04/2017,1,,21,,1,1,,,,,,,1,"Awful, childish crap"
Authority,"VanderMeer, Jeff",0,,3,2014,19/04/2017,0,,21,,1,,,,,,,,5,
The Witchfinder's Sister,"Underdown, Beth",1,,4,2017,09/04/2017,1,,17,,,,,,,1,,,1,
Foxlowe,"Wasserberg, Eleanor",1,,4,2016,01/04/2017,1,,21,,,,,,,,,,1,
The Iron Ghost,"Williams, Jen",1,,3,2015,24/03/2017,0,,NA,,,1,,,,,,,2,
Clay,"Harrison, Melissa",1,,3,2013,17/03/2017,0,Nature,20,,,,,,,,,,2,
Wolf Hall,"Mantel, Hillary",1,,4,2009,15/03/2017,1,,16,,,,,,,1,,,1,
The Gap of Time,"Winterson, Jeanette",1,,4,2015,10/03/2017,1,"Shakespeare, book-related",21,,,,,,,,,,7,Slightly uneven but largely brilliant
Ombria in Shadow,"McKillip, Patricia A",1,,4,2002,06/03/2017,1,,NA,,,1,,,,,,,1,Wow. Bit Gormenghastly
Hag-Seed,"Atwood, Margaret",1,,3,2016,24/02/2017,0,"Shakespeare, book-related",21,,,,,,,,,,14,
The Heart Goes Last,"Atwood, Margaret",1,,3,2015,18/02/2017,0,dystopia,21,,1,,,,1,,,,14,
The Copper Promise,"Willians, Jen",1,,3,2014,18/02/2017,0,,NA,,,1,,,,,,,1,
Almost English,"Mendelson, Charlotte",1,,2,2013,10/02/2017,0,,20,,,,,,,,,,1,
The Glorious Heresies,"McInerney, Lisa",1,,4,2015,02/02/2017,0,ireland,21,,,,,,,,,,2,
The Mysteries,"Tuttle, Lisa",1,,3,2005,28/01/2017,0,scotland,21,,,1,,,,,,,1,
The Panopticon,"Fagan, Jenni",1,,4,2012,21/01/2017,0,scotland,21,,,,,,,,,,1,Hugely unexpectedly brilliant
House of Shattered Wings,"de Bodard, Aliette",1,,4,2015,08/01/2017,1,,20,,,1,,,,,,,2,Yeah.
The Cheltenham Square Murder,"Bude, John",0,,3,1937,29/12/2016,1,,20,,,,1,,,,,,1,
Round the World in 80 Days,"Verne, Jules",0,,1,1873,26/12/2016,1,,19,,,,,,,,,,1,
Porterhouse Blue,"Sharpe, Tom",0,,3,1974,18/12/2016,0,campus,20,,,,,,1,,,,1,
Oranges Aren't the Only Fruit,"Winterson, Jeanette",1,,3,1985,14/12/2016,0,,20,,,,,,,,,,7,
Get in Trouble,"Link, Kelly",1,,4,2015,10/12/2016,0,,20,,,1,,,,,,1,2,Not as great as her others but still very good
The Long Way To A Small Angry Planet,"Chambers, Becky",1,,2,2014,06/12/2016,0,,22+,,1,,,,,,,,1,"Fluffy and dreary, though it picked up towards the end"
House of Leaves,"Danielewski, Mark Z",0,,2,2000,03/12/2016,1,horror,20,,,,,,,,,,1,Don't get the fuss. Gimmicks are underused; academic parts awful
Once You Break a Knuckle,"Wilson, DW",0,,4,2011,26/11/2016,0,canada,21,,,,,,,,,1,1,
The Galaxy Game,"Lord, Karen",1,,1,2014,20/11/2016,0,,22+,,1,,,,,,,,2,
The Night Watch,"Waters, Sarah",1,,3,2006,19/11/2016,1,War,20,,,,,,,1,,,2,
Shylock Is My Name,"Jacobson, Howard",0,,3,2016,03/11/2016,0,Book-related,21,,,,,,,,,,4,
The Relic Guild,"Cox, Edward",0,,2,2014,29/10/2016,0,,NA,,,1,,,,,,,1,
Annihilation,"VanderMeer, Jeff",0,Southern Reach,3,2014,26/10/2016,1,Horror,21,,1,,,,,,,,5,
The Seed Collectors,"Thomas, Scarlett",1,,3,2015,19/10/2016,0,,21,,,,,,1,,,,5,Loved it to begin with; disappointed by end
Black Swan Green,"Mitchell, David",0,,4,2006,07/10/2016,1,,20,,,,,,,,,,7,
The Half-Made World,"Gilman, Felix",0,,3,2010,28/09/2016,1,Western,19,,,1,,,,,,,3,
The Incarnations,"Barker, Susan",1,,3,2014,16/09/2016,0,China,Mix,,,,,,,1,,,1,Bloody depressing
The Book of Signs,"Koch, Rudolph",0,,2,1930,16/09/2016,0,,NA,,,,,,,,1,,1,Weird but nicely drawn symbols
Meatspace,"Shukla, Nikesh",0,,3,2014,07/09/2016,0,,21,,,,,,1,,,,1,
The Three-Body Problem,"Liu, Cixin",0,,1,2008,28/08/2016,0,,22+,,1,,,,,,,,1,Gave up
The Wild Places,"Macfarlane, Robert",0,,4,2007,25/08/2016,1,,NA,,,,,,,,1,,2,
One City,"Rankin, Ian; Welsh, Irvine; McCall-Smith, Alexander",0,,2,2006,22/08/2016,1,Edinburgh,21,,,,,,,,,1,1,Ian Rankin's story was the best
Not Forgetting the Whale,"Ironmonger, John",0,,3,2015,20/08/2016,0,Cornwall,21,,,,,,,,,,3,Pleasant but unperilous and ruined by 'Have a woman as a prize' ending
The Best of All Possible Worlds,"Lord, Karen",1,,3,2013,14/08/2016,0,,22+,,1,,,,,,,,2,
The Book of Legendary Lands,"Eco, Umberto",0,,4,2013,12/08/2016,1,,NA,,,,,,,,1,,7,
The Maker of Swans,"O'Connell, Paraic",0,,4,2016,06/08/2016,0,Gothic,20,,,1,,,,,,,1,
Under the Skin,"Faber, Michel",0,,4,2000,17/07/2016,1,Scotland,20,,1,,,,,,,,3,
Best Served Cold,"Abercrombie, Joe",0,First Law World 1,4,2009,09/07/2016,1,,15,,,1,,,,,,,9,
Moral Disorder and Other Stories,"Atwood, Margaret",1,,3,2006,07/07/2016,0,Canada,0,,,,,,,,,1,14,
Assassin's Quest,"Hobb, Robin",1,Farseer 3,3,1997,22/06/2016,0,,0,,,1,,,,,,,3,
Into Everywhere,"McAuley, Paul",0,Jackaroo 2,4,2016,20/06/2016,0,,0,,1,,,,,,,,8,
Last Argument of Kings,"Abercrombie, Joe",0,The First Law 3,4,2008,22/05/2016,1,,0,,,1,,,,,,,9,
Before They Are Hanged,"Abercrombie, Joe",0,The First Law 2,4,2007,22/05/2016,1,,0,,,1,,,,,,,9,
On the Steel Breeze,"Reynolds, Alastair",0,Poseidon's Children 2,2,2013,12/05/2016,0,,0,,1,,,,,,,,8,
The Flamethrowers,"Kushner, Rachel",1,,3,2013,11/05/2016,0,"america, art, italy",0,,,,,,,,,,1,
"Saga, Volume 4","Vaughan, Brian K.",0,,3,2015,28/04/2016,,,0,,,,,,,,,,4,
Europe in Autumn,"Hutchinson, Dave",0,Fractured Europe 1,4,2014,20/04/2016,0,Near-future,0,,1,,,1,,,,,1,
Ballistics,"Wilson, D.W.",0,,5,2013,16/04/2016,0,Canada,0,,,,,,,,,,1,
Royal Assassin ,"Hobb, Robin",1,Farseer 2,4,1996,15/04/2016,0,,0,,,1,,,,,,,3,
Animals,"Unsworth, Emma Jane",1,,4,2014,26/03/2016,0,,0,,,,,,1,,,,1,
Assassin's Apprentice,"Hobb, Robin",1,Farseer 1,3,1995,19/03/2016,0,,0,,,1,,,,,,,3,
"Saga, Volume 2","Vaughan, Brian K.",0,,4,2013,12/03/2016,1,Graphic novel,0,,1,1,,,,,,,4,
The Game,"Byatt, A.S.",1,,3,1967,12/03/2016,0,Book-related,0,,,,,,,,,,4,
"Saga, Volume 3","Vaughan, Brian K.",0,,3,2014,28/02/2016,1,Graphic novel,0,,1,1,,,,,,,4,
The Goddess and the Thief,"Fox, Essie",1,,3,2013,13/02/2016,0,gothic,0,,,,,,,1,,,1,
The Scarlet Pimpernel,"Orczy, Emmuska",1,,2,1905,06/02/2016,1,,0,,,,,,,1,,,1,
Hide Me Among the Graves,PowersTim,0,,4,2012,04/02/2016,0,"gothic, book-related",0,,,1,,,,1,,,1,
"Saga, Volume 1","Vaughan, Brian K.",0,,4,2012,28/01/2016,1,Graphic novel,0,,1,1,,,,,,,4,
Satin Island,"McCarthy, Tom",0,,2,2015,26/01/2016,0,,0,,,,,,,,,,4,
Cold Hand in Mine,"Aickman, Robert",0,,2,1975,17/01/2016,0,gothic,0,,,,,,,,,1,1,
Mission To Tashkent,"Bailey, F.M.",0,,3,1946,13/01/2016,1,,0,,,,,1,,,1,,1,
The Republic of Thieves,"Lynch, Scott",0,Gentleman Bastards 3,4,2013,03/01/2016,0,,0,,,1,,,,,,,3,
Ancillary Mercy ,"Leckie, Ann",1,Imperial Radch 3,4,2015,21/12/2015,1,,0,,,,,,,,,,4,
The Man Who Fell to Earth,"Tevis, Walter",0,,3,1963,21/12/2015,1,,0,,1,,,,,,,,1,
Ancillary Sword,"Leckie, Ann",1,Imperial Radch 2,3,2014,12/12/2015,1,,0,,1,,,,,,,,4,
The Circle,"Eggers, Dave",0,,4,2013,04/12/2015,0,near future,0,,,,,,,,,,1,
Look at Me,"Egan, Jennifer",1,,4,2001,01/12/2015,0,america,0,,,,,,,,,,5,
Indoctrinaire,"Priest, Christopher",0,,2,1970,20/11/2015,0,,0,,1,,,,,,,,6,
Bellman & Black,"Setterfield, Diane",1,,2,2013,14/11/2015,0,gothic,0,,,,,,,1,,,1,
The Book of Strange New Things,"Faber, Michel",0,,3,2014,06/11/2015,0,religion,0,,1,,,,,,,,3,
The Thrilling Adventures of Lovelace and Babbage,"Padua, Sydney",1,,4,2015,26/10/2015,0,"graphic novel, ",0,,,,,,,1,1,,1,
Orfeo,"Powers, Richard",0,,3,2014,20/10/2015,1,"america, music",0,,,,,,,,,,1,
Memento Mori,"Spark, Muriel",1,,4,1958,12/10/2015,0,,0,,,,,,1,,,,11,
The Island at the End of the World,"Taylor, Sam",0,,4,2009,09/10/2015,0,religion,0,,,,,,,,,,1,
The Manual of Detection,"Berry, Jedediah",0,,3,2009,03/10/2015,1,,0,,,1,1,,,,,,1,
Codex,"Grossman, Lev",0,,2,2004,03/10/2015,0,book-related,0,,,,,,,,,,1,
Wrack,"Bradley, James",0,,3,1997,25/09/2015,1,australia,0,,,,,,,,,,1,
It's a Long Story: My Life,"Nelson, Willie",0,,3,2015,20/09/2015,0,music,0,,,,,,,,1,,1,
The Peripheral,"Gibson, William",0,,4,2014,15/09/2015,1,"Near future, America, London",0,,1,,,,,,,,6,
Great Jones Street,"DeLillo, Don",0,,3,1973,05/09/2015,1,Music,0,,,,,,,,,,6,
Alphabetical: How Every Letter Tells a Story,"Rosen, Michael",0,,3,2013,03/09/2015,1,,0,,,,,,,,1,,1,
Cooking With Bones,"Richards, Jess",1,,3,2013,27/08/2015,0,,0,,,1,,,,,,,3,
The Bachelors,"Spark, Muriel",1,,3,1960,17/08/2015,1,,0,,,,,,,,,,11,
The Confidential Agent,"Greene, Graham",0,,3,1939,13/08/2015,0,,0,,,,,1,,,,,13,
The Name of the Wind,"Rothfuss, Patrick",0,Kingkiller Chronicle 1,3,2007,06/08/2015,0,,0,,,1,,,,,,,1,
Snake Ropes,"Richards, Jess",1,,3,2012,28/07/2015,0,Islands,0,,,1,,,,,,,3,
Foxglove Summer,"Aaronovitch, Ben",0,Peter Grant 5,3,2014,18/07/2015,1,rural,0,,,1,1,,,,,,6,
Weathering,"Wood, Lucy",1,,4,2015,17/07/2015,0,rural,0,,,,,,,,,,2,
Ancillary Justice,"Leckie, Ann",1,Imperial Radch 1,4,2013,04/07/2015,1,,0,,1,,,,,,,,4,
"Nudge: Improving Decisions About Health, Wealth, and Happiness","Thaler, Richard H.",0,,3,2008,04/07/2015,1,,0,,,,,,,,1,,1,
King Rat,"Miéville, China",0,,4,1998,29/06/2015,0,London,0,,,1,,,,,,,10,
The Bellwether Revivals,"Wood, Benjamin",0,,3,2012,26/06/2015,0,Campus,0,,,,,,,,,,1,
The Apocalypse Codex ,"Stross, Charles",0,Laundry Files 4,3,2012,17/06/2015,0,,0,,,1,,1,,,,,1,
The Revolutions,"Gilman, Felix",0,,4,2014,09/06/2015,0,,0,,,1,,,,1,,,3,
Dr Ragab's Universal Language,"Twigger, Robert",0,,2,2009,30/05/2015,0,,0,,,,,,,,,,1,
The Green Man,"Amis, Kingsley",0,,3,1969,24/05/2015,0,,20,,,1,,,,,,,5,
Glow,"Beauman, Ned",0,,3,2014,12/05/2015,0,Drugs,0,,,,,,,,,,3,
Under the Jaguar Sun,"Calvino, Italo",0,,2,1986,05/05/2015,0,,0,,,,,,,,,,5,
The Old Ways: A Journey on Foot,"Macfarlane, Robert",0,,5,2012,01/05/2015,1,Countryside,0,,,,,,,,1,,2,
Something Coming Through,"McAuley, Paul",0,Jackaroo 1,4,2015,28/04/2015,0,Near future,0,,1,,,,,,,,8,
Red Seas Under Red Skies,"Lynch, Scott",0,Gentleman Bastards 2,4,2007,24/04/2015,1,,0,,,1,,,,,,,3,
Men in Space,"McCarthy, Tom",0,,4,2007,17/04/2015,0,,0,,,,,,,,,,4,
The Bone Clocks,"Mitchell, David",0,,4,2014,10/04/2015,0,Near future,0,,,1,,,,,,,7,
Neverness,"Zindell, David",0,,2,1988,03/04/2015,1,,0,,1,,,,,,,,1,
Lightborn,"Sullivan, Tricia",1,,4,2010,22/03/2015,0,"Near future, apocalyptic",0,,1,,,,,,,,2,
New Grub Street,"Gissing, George",0,,3,1891,11/03/2015,0,"Book-related, London, ",0,,,,,,,,,,1,
The Coincidence Authority,"Ironmonger, John",0,,3,2012,20/02/2015,0,Uganda,0,,,,,,,,,,3,
The Notable Brain of Maximilian Ponder,"Ironmonger, John",0,,5,2012,10/02/2015,0,,0,,,,,,,,,,3,
Throne of the Crescent Moon,"Ahmed, Saladin",0,,3,2012,01/02/2015,0,,0,,,1,,,,,,,1,
Mr. Penumbra's 24-Hour Bookstore,"Sloan, Robin",0,,3,2009,27/01/2015,0,Book-related,0,,,,,,,,,,1,
By Light Alone,"Roberts, Adam",0,,3,2011,23/01/2015,0,"Satire, dystopia",0,,1,,,,,,,,2,
Mr Pye,"Peake, Mervyn",0,,4,1953,15/01/2015,0,Religion,0,,,1,,,1,,,,4,
The Last Banquet,"Grimwood, Jonathan",0,,3,2013,07/01/2015,0,france,0,,,,,,,1,,,1,
Oliver Twist,"Dickens, Charles",0,,3,1838,03/01/2015,0,,0,,,,,,,1,,,4,
MaddAddam,"Atwood, Margaret",1,MaddAddam 3,3,2013,14/12/2014,0,Apocalyptic,0,,1,,,,,,,,14,
NW,"Smith, Zadie",1,,4,2012,08/12/2014,0,London,0,,,,,,,,,,4,
The Sense of Style: The Thinking Person's Guide to Writing in the 21st Century,"Pinker, Steven",0,,3,2014,29/11/2014,1,,0,,,,,,,,1,,1,
The Left Hand of Darkness,"Le Guin, Ursula K",1,,4,1969,25/11/2014,0,,0,,1,,,,,,,,6,
Tenth of December,"Saunders, George",0,,4,2013,13/11/2014,0,"Dystopia, America",0,,,,,,1,,,1,2,
Red Country,"Abercrombie, Joe",0,First Law World 3,4,2012,09/11/2014,0,,0,,,1,,,,,,,9,
The Bad News Bible,"Blundy, Anna",1,,2,2004,30/10/2014,0,,0,,,,1,,,,,,1,
Tigerman,"Harkaway, Nick",0,,4,2014,24/10/2014,0,,0,,,,,,,,,,4,
Red Sky in Morning,"Lynch, Paul",0,,3,2013,18/10/2014,0,"America, Ireland, western",0,,,,,,,1,,,1,
Telegraph Avenue,"Chabon, Michael",0,,2,2012,16/10/2014,1,"Music, America",0,,,,,,,,,,11,
Life After Life,"Atkinson, Kate",1,,4,2013,13/10/2014,0,War,0,,,,,,,1,,,7,
Broken Homes ,"Aaronovitch, Ben",0,Peter Grant 4,3,2013,04/10/2014,0,London,0,,,1,1,,1,,,,6,
Pretty Monsters: Stories,"Link, Kelly",1,,4,2008,30/09/2014,0,Gothic,0,,,1,,,,,,1,2,
The Centauri Device,"Harrison, M. John",0,,4,1974,24/09/2014,0,,0,,1,,,,,,,,6,
Whispers Under Ground,"Aaronovitch, Ben",0,Peter Grant 3,3,2012,17/09/2014,1,london,0,,,1,1,,,,,,6,
The Ministry of Fear,"Greene, Graham",0,,3,1943,15/09/2014,0,war,0,,,,,1,,,,,13,
The Quarry,"Banks, Iain",0,,3,2013,11/09/2014,0,,0,,,,,,,,,,14,
"After the Fire, a Still Small Voice","Wyld, Evie",1,,4,2009,06/09/2014,0,"australia, war",0,,,,,,,,,,2,
Revolutionary Road,"Yates, Richard",0,,3,1961,02/09/2014,0,america,0,,,,,,,,,,1,
Worth,"Canter, Jon",0,,3,2011,22/08/2014,0,rural,0,,,,,,1,,,,3,
Pigeon Pie,"Mitford, Nancy",1,,3,1940,22/08/2014,0,war,0,,,,,1,1,,,,6,
Stone's Fall,"Pears, Iain",0,,3,2009,10/08/2014,0,,0,,,,,1,,1,,,2,
Moon Over Soho ,"Aaronovitch, Ben",0,Peter Grant 2,3,2011,02/08/2014,0,london,0,,,1,1,,,,,,6,
Rogue Moon,"Budrys, Algis",0,,2,1960,26/07/2014,0,,0,,1,,,,,,,,1,
Going Out,"Thomas, Scarlett",1,,4,2002,21/07/2014,0,,0,,,,,,1,,,,5,
The Friday Gospels,"Ashworth, Jenn",1,,4,2013,17/07/2014,0,religion,0,,,,,,,,,,3,
Harvest,"Crace, Jim",0,,3,2013,03/07/2014,0,rural,0,,,,,,,1,,,1,
The Quiet War,"McAuley, Paul",0,,2,2008,30/06/2014,0,,0,,1,,,,,,,,8,
"Alys, Always","Lane, Harriet",1,,3,2012,26/06/2014,0,,0,,,,,,,,,,1,
The Book of Barely Imagined Beings,"Henderson, Caspar",0,,4,2012,20/06/2014,1,,0,,,,,,,,1,,1,
The Blade Itself,"Abercrombie, Joe",0,The First Law 1,3,2006,19/06/2014,0,,0,,,1,,,,,,,9,
Dept. of Speculation,"Offill, Jenny",1,,5,2014,16/06/2014,0,,0,,,,,,,,,,1,
Diving Belles,"Wood, Lucy",1,,4,2012,11/06/2014,0,,0,,,1,,,,,,,2,
"All the Birds, Singing","Wyld, Evie",1,,4,2013,02/06/2014,0,rural,0,,,,,,,,,,2,
The Tilted World,"Franklin, Tom",0,,4,2013,01/06/2014,0,"america, western",0,,,,,,,,,,1,
Lyonesse,"Vance, Jack",0,,1,1983,30/05/2014,0,,0,,,1,,,,,,,1,
Loitering With Intent,"Spark, Muriel",1,,3,1981,25/05/2014,0,,0,,,,,,,,,,11,
Lighthousekeeping,"Winterson, Jeanette",1,,4,2004,12/05/2014,0,,0,,,,,,,,,,7,
The Silent Land,"Joyce, Graham",0,,4,2010,09/05/2014,0,gothic,0,,,,,,,,,,1,
The Humans,"Haig, Matt",0,,3,2013,25/04/2014,0,,0,,1,,,,1,,,,1,
The Whores' Asylum,"Darby, Katy",1,,2,2012,23/04/2014,0,"gothic, oxford",0,,,,,,,1,,,1,
Bark: Stories,"Moore, Lorrie",1,,4,2014,17/04/2014,0,america,0,,,,,,,,,1,4,
Mo Said She Was Quirky,"Kelman, James",0,,2,2012,15/04/2014,0,,0,,,,,,,,,,1,
The Crane Wife,"Ness, Patrick",0,,2,2013,09/04/2014,0,,0,,,1,,,,,,,1,
The Hydrogen Sonata,"Banks, Iain M.",0,Culture 10,3,2012,05/04/2014,0,,0,,1,,,,,,,,13,
The Book of Madness and Cures,"O'Melveny, Regina",1,,2,2012,29/03/2014,0,,0,,,,,,,1,,,1,
The Professor of Truth,"Robertson, James",0,,4,2013,17/03/2014,0,"australia, scotland",0,,,,,,,,,,3,
Burnt Island,"Thompson, Alice",1,,2,2013,13/03/2014,0,"gothic, scotland",0,,,,,,,,,,1,
We Need New Names,"Bulawayo, NoViolet",1,,2,2013,11/03/2014,0,,0,,,,,,,,,,1,
The Nice and the Good,"Murdoch, Iris",1,,4,1968,06/03/2014,0,,0,,,,,,,,,,10,
Railsea,"Miéville, China",0,,3,2012,28/02/2014,0,,0,,,1,,,,,,,10,
Joseph Knight,"Robertson, James",0,,3,2003,23/02/2014,0,scotland,0,,,,,,,1,,,3,
An Instance of the Fingerpost,"Pears, Iain",0,,4,1997,16/02/2014,0,religion,0,,,,,1,,1,,,2,
Everything Is Illuminated,"Foer, Jonathan Safran",0,,2,2001,06/02/2014,0,war,0,,,,,,1,,,,1,
Running Dog,"DeLillo, Don",0,,4,1978,01/02/2014,1,america,0,,,,,,,,,,6,
The Understudy,"Nicholls, David",0,,3,2005,29/01/2014,0,,0,,,,,,1,,,,1,
His Illegal Self,"Carey, Peter",0,,3,2008,25/01/2014,0,australia,0,,,,,,,,,,6,
Finch,"VanderMeer, Jeff",0,Ambergris 3,4,2009,23/01/2014,0,cities,0,,,1,1,,,,,,5,
The Road Home,"Tremain, Rose",1,,4,2007,17/01/2014,0,london,0,,,,,,,,,,3,
London Fields,"Amis, Martin",0,,3,1989,12/01/2014,0,"apocalyptic, book-related",0,,,,,,,,,,6,
The Nature of Monsters,"Clark, Clare",1,,3,2007,04/01/2014,0,"gothic, london",0,,,,,,,1,,,2,
Saving Fish from Drowning,"Tan, Amy",1,,4,2005,01/01/2014,0,,0,,,,,,,,,,1,
Elementals: Stories of Fire and Ice,"Byatt, A.S.",1,,4,1998,01/01/2014,1,magic realism,0,,,1,,,,,,1,4,
Blue Remembered Earth ,"Reynolds, Alastair",0,Poseidon's Children 1,4,2012,24/12/2013,0,,0,,1,,,,,,,,8,
The Falcons of Fire and Ice,"Maitland, Karen",1,,3,2012,18/12/2013,0,,0,,,1,,,,1,,,3,
Seeds Of Greatness,"Canter, Jon",0,,3,2006,12/12/2013,0,,0,,,,,,1,,,,3,
Merivel: A Man of His Time,"Tremain, Rose",1,,4,2012,06/12/2013,0,,0,,,,,,,1,,,3,
The Finishing School,"Spark, Muriel",1,,2,2004,30/11/2013,0,book-related,0,,,,,,,,,,11,
Idiopathy,"Byers, Sam",0,,3,2013,29/11/2013,0,,0,,,,,,1,,,,1,
Orkney,"Sackville, Amy",1,,4,2013,26/11/2013,0,"scotland, gothic",0,,,,,,,,,,1,
The Shining Girls,"Beukes, Lauren",1,,3,2013,20/11/2013,0,america,0,,,1,,,,,,,2,
The Collini Case,"Schirach, Ferdinand von",0,,1,2011,15/11/2013,0,germany,0,,,,,,,,,,1,
Restoration,"Tremain, Rose",1,,4,1989,12/11/2013,1,,0,,,,,,,1,,,3,
Remainder,"McCarthy, Tom",0,,4,2001,08/11/2013,0,,0,,,,,,,,,,4,
The Adjacent,"Priest, Christopher",0,,4,2013,02/11/2013,0,"utopia, war",0,,1,,,,,1,,,6,
Nights of Villjamur ,"Newton, Mark Charan",0,Legends of the Red Sun 1,2,2009,25/10/2013,0,war,0,,,1,,,,,,,1,
The Teleportation Accident,"Beauman, Ned",0,,2,2012,18/10/2013,0,"america, germany",0,,1,,,,1,1,,,3,
The Children's Book,"Byatt, A.S.",1,,4,2009,11/10/2013,0,"book-related, war",0,,,,,,,1,,,4,
Ablutions,"deWitt, Patrick",0,,3,2009,15/09/2013,0,"america, drugs",0,,,,,,,,,,2,
White Noise,"DeLillo, Don",0,,5,1985,11/09/2013,1,america,0,,,,,,1,,,,6,
Wigs on the Green,"Mitford, Nancy",1,,3,1934,08/09/2013,1,,0,,,,,,1,,,,6,
A Tale for the Time Being,"Ozeki, Ruth",1,,3,2013,28/08/2013,1,"japan, book-related",0,,,,,,,,,,1,
Sweet Tooth,"McEwan, Ian",0,,3,2012,19/08/2013,0,book-related,0,,,,,1,,,,,6,
Under the Net,"Murdoch, Iris",1,,4,1954,13/08/2013,0,"book-related, france, london",0,,,,,,1,,,,10,
Redemption Ark,"Reynolds, Alastair",0,,3,2003,04/08/2013,0,,0,,1,,,,,,,,8,
Black and Blue ,"Rankin, Ian",0,Rebus 8,3,1997,24/07/2013,1,scotland,0,,,,1,,,,,,3,
"Boxer, Beetle","Beauman, Ned",0,,4,2010,20/07/2013,1,london,0,,,,,,,1,,,3,
A Far Cry from Kensington,"Spark, Muriel",1,,4,1988,14/07/2013,1,"london, book-related",0,,,,,,,,,,11,
Veniss Underground,"VanderMeer, Jeff",0,,4,2003,11/07/2013,1,,0,,1,1,,,,,,,5,
Tokyo Year Zero,"Peace, David",0,Tokyo Trilogy 1,3,2007,07/07/2013,1,,0,,,,,,,,,,2,
The Falls,"Rankin, Ian",0,Rebus 12,3,2001,04/07/2013,0,scotland,0,,,,1,,,,,,3,
White Teeth,"Smith, Zadie",1,,4,1999,01/07/2013,1,"london, religion",0,,,,,,1,,,,4,
The Museum of Atheism,"Joyce, Laura Ellen",1,,4,2012,24/06/2013,1,america,0,,,,,,,,,,1,
Jack Glass,"Roberts, Adam",0,,3,2012,13/06/2013,1,,0,,1,,1,,,,,,2,
The Prague Cemetery,"Eco, Umberto",0,,3,2010,06/06/2013,1,,0,,,,,,,1,,,7,
River of Gods ,"McDonald, Ian",0,,3,2004,25/05/2013,1,"india, cyberpunk",0,,1,,,,,,,,2,
Hawthorn & Child,"Ridgway, Keith",0,,4,2012,06/05/2013,1,london,0,,,,,,,,,,1,
Wonder,"Palacio, R.J.",1,,1,2012,03/05/2013,0,america,0,,,,,,,,,,1,
Empty Space,"Harrison, M. John",0,Kefahuchi Tract 3,4,2012,30/04/2013,1,,0,,1,,,,,,,,6,
Christmas Pudding,"Mitford, Nancy",1,,3,1932,28/04/2013,1,,0,,,,,,1,,,,6,
Summerland,"Chabon, Michael",0,,2,2002,14/04/2013,1,,0,,,1,,,,,,,11,
The Fountainhead,"Rand, Ayn",1,,4,1943,10/04/2013,0,cities,0,,,,,,,,,,1,
The Coincidence Engine,"Leith, Sam",0,,3,2011,20/03/2013,0,america,0,,,,,,1,,,,1,
Titus Awakes: The Lost Book of Gormenghast,"Gilmore, Maeve",1,Gormenghast 4,1,1972,16/03/2013,0,,0,,,1,,,,,,,1,
Men at Arms,"Waugh, Evelyn",0,,3,1952,06/03/2013,1,,0,,,,,,,,,,5,
The Lies of Locke Lamora ,"Lynch, Scott",0,Gentleman Bastards 1,3,2006,20/02/2013,1,,0,,,1,,,,,,,3,
The Names,"DeLillo, Don",0,,4,1982,12/02/2013,1,greece,0,,,,,,,,,,6,
Angelmaker,"Harkaway, Nick",0,,3,2012,31/01/2013,1,,0,,,1,,,,,,,4,
The Camomile Lawn,"Wesley, Mary",1,,2,1984,20/01/2013,1,,0,,,,,,,,,,1,
Disgrace,"Coetzee, J.M.",0,,4,1999,15/01/2013,0,south africa,0,,,,,,,,,,2,
The Great Stink,"Clark, Clare",1,,3,2005,12/01/2013,0,,0,,,,,,,1,,,2,
The Dervish House,"McDonald, Ian",0,,4,2009,05/01/2013,1,,0,,1,,,,,,,,2,
Fairyland,"McAuley, Paul",0,,3,1995,01/01/2013,0,near future,0,,1,,,,,,,,8,
The Demolished Man,"Bester, Alfred",0,,4,1953,26/12/2012,1,,0,,1,,1,,,,,,2,
Eternal Light,"McAuley, Paul",0,Four Hundred Billion Stars 3,3,1991,22/12/2012,1,,0,,1,,,,,,,,8,
Feersum Endjinn,"Banks, Iain M.",0,,3,1994,15/12/2012,1,cyberpunk,0,,1,,,,,,,,13,
How the Light Gets In,"Hyland, M.J.",1,,4,2003,09/12/2012,0,,0,,,,,,,,,,3,
Borderliners,"Hoeg, Peter",0,,3,1993,06/12/2012,0,,0,,,,,,,,,,3,
Vellum ,"Duncan, Hal",0,The Book of All Hours 1,3,2005,02/12/2012,0,religion,0,,1,1,,,,,,,1,
Strange Days Indeed: The 1970s: The Golden Days of Paranoia,"Wheen, Francis",0,,3,2009,26/11/2012,0,,0,,,,,,,,,1,1,
The Heart of the Matter,"Greene, Graham",0,,3,1948,07/11/2012,0,religion,0,,,,,,,,,,13,
The Thousand Autumns of Jacob de Zoet,"Mitchell, David",0,,5,2010,17/10/2012,0,,0,,,,,,,,,,7,
Stonemouth,"Banks, Iain",0,,2,2012,05/10/2012,0,,0,,,,,,,,,,14,
Four Hundred Billion Stars,"McAuley, Paul",0,Four Hundred Billion Stars 1,3,1988,28/09/2012,0,,0,,1,,,,,,,,8,
The Islanders,"Priest, Christopher",0,,4,2011,23/09/2012,0,,0,,1,,,,,,,,6,
The Scheme For Full Employment,"Mills, Magnus",0,,3,2002,15/09/2012,0,,0,,,,,,,,,,4,
Mother London,"Moorcock, Michael",0,,4,1988,10/09/2012,0,,0,,,,,,,,,,1,
A Tale of Two Cities,"Dickens, Charles",0,,3,1859,01/09/2012,1,,18,,,,,,,1,,,4,
Love in a Cold Climate,"Mitford, Nancy",1,,4,1949,24/08/2012,0,,0,,,,,,,,,,6,
The Driver's Seat,"Spark, Muriel",1,,4,1970,18/08/2012,0,,0,,,,,,,,,,11,
An Artist of the Floating World,"Ishiguro, Kazuo",0,,4,1986,16/08/2012,0,,0,,,,,,,,,,5,
Cowboy Angels,"McAuley, Paul",0,,3,2007,12/08/2012,0,,0,,1,,,,,,,,8,
The Woman Who Died a Lot ,"Fforde, Jasper",0,Thursday Next 7,2,2012,07/08/2012,0,,0,,,1,,,1,,,,9,
The Year of the Flood,"Atwood, Margaret",1,MaddAddam 2,3,2009,31/07/2012,1,apocalyptic,0,,1,,,,,,,,14,
The Stars My Destination,"Bester, Alfred",0,,3,1955,24/07/2012,1,,0,,1,,,,,,,,2,
"First Love, Last Rites","McEwan, Ian",0,,3,1975,21/07/2012,1,,0,,,,,,,,,,6,
The Anubis Gates,"Powers, Tim",0,,2,1983,17/07/2012,1,,0,,,1,,,,,,,3,
Nineteen Seventy Four ,"Peace, David",0,Red Riding 1,4,1999,10/07/2012,1,,0,,,,,,,,,,2,
Daniel Martin,"Fowles, John",0,,2,1977,06/07/2012,1,,0,,,,,,,,,,5,
Oscar and Lucinda,"Carey, Peter",0,,4,1988,30/06/2012,1,australia,0,,,,,,,1,,,6,
The Windup Girl,"Bacigalupi, Paolo",0,,3,2009,20/06/2012,1,,0,,1,,,,,,,,2,
Carry Me Down,"Hyland, M.J.",1,,4,2006,13/05/2012,0,,0,,,,,,,,,,3,
Jamrach's Menagerie,"Birch, Carol",1,,3,2011,06/05/2012,1,maritime,0,,,,,,,1,,,1,
"Glimmer Train Stories, #73","Hermann, Nellie",0,,3,,28/04/2012,0,,0,,,,,,,,,,1,
Dangling Man,"Bellow, Saul",0,,2,1944,21/04/2012,1,america,0,,,,,,,,,,1,
A Gate at the Stairs,"Moore, Lorrie",1,,4,2009,08/04/2012,1,,0,,,,,,,,,,4,
The Finkler Question,"Jacobson, Howard",0,,4,2010,29/03/2012,1,,0,,,,,,,,,,4,
Theft: A Love Story,"Carey, Peter",0,,4,2006,18/03/2012,1,"art, australia",0,,,,,,,,,,6,
Embassytown,"Miéville, China",0,,4,2011,11/03/2012,1,,0,,1,,,,,,,,10,
For Whom the Bell Tolls,"Hemingway, Ernest",0,,3,1940,04/03/2012,0,,0,,,,,,,,,,1,
The Good Apprentice,"Murdoch, Iris",1,,3,1985,25/02/2012,1,,0,,,,,,,,,,10,
The Sisters Brothers,"deWitt, Patrick",0,,4,2011,09/02/2012,1,america,19,,,,,,,1,,,2,
Selected Works Of T.S. Spivet,"Larsen, Reif",0,,4,2009,04/02/2012,1,,0,,,,,,,,,,1,
Rivers of London,"Aaronovitch, Ben",0,Peter Grant 1,3,2011,28/01/2012,1,london,0,,,1,1,,1,,,,6,
Slaughterhouse-Five,"Vonnegut, Kurt",0,,4,1969,24/01/2012,0,,0,,1,,,,1,,,,5,
Cryptonomicon,"Stephenson, Neal",0,,3,1999,21/01/2012,1,,0,,,,,,,,,,7,
White Devils,"McAuley, Paul",0,,4,2004,01/01/2012,1,near future,0,,1,,,,,,,,8,
PopCo,"Thomas, Scarlett",1,,4,2004,01/01/2012,1,,0,,,,,,,,,,5,
Valley of the Dolls,"Susann, Jacqueline",1,,2,1966,24/12/2011,0,,0,,,,,,,,,,1,
The Butt: An Exit Strategy,"Self, Will",0,,4,2008,18/12/2011,1,,0,,,,,,,,,,6,
Was,"Ryman, Geoff",0,,4,1992,11/12/2011,1,,0,,,1,,,,,,,4,
The Unconsoled,"Ishiguro, Kazuo",0,,3,1995,28/11/2011,0,,0,,,,,,,,,,5,
Chasm City,"Reynolds, Alastair",0,,3,2001,23/11/2011,0,,0,,1,,,,,,,,8,
A Scanner Darkly,"Dick, Philip K.",0,,4,1977,10/11/2011,0,drugs,0,,1,,,,,,,,4,
Cosmopolis,"DeLillo, Don",0,,4,2003,08/11/2011,0,Cities,0,,,,,,,,,,6,
Headlong,"Frayn, Michael",0,,1,1999,04/11/2011,0,art,0,,,,,,1,,,,1,
Night Train,"Amis, Martin",0,,4,1997,01/11/2011,0,america,0,,,,1,,,,,,6,
The House of the Spirits,"Allende, Isabel",1,,3,1982,30/10/2011,0,magic realism,0,,,1,,,,1,,,1,
The Swimming-Pool Library,"Hollinghurst, Alan",0,,3,1988,21/10/2011,0,,0,,,,,,,,,,2,
The Quantum Thief,"Rajaniemi, Hannu",0,Jean Le Flambeur 1,3,2010,16/10/2011,0,Heists,0,,1,,1,,,,,,1,
Jack Maggs,"Carey, Peter",0,,3,1997,13/10/2011,0,book-related,0,,,,,,,1,,,6,
Surface Detail,"Banks, Iain M.",0,Culture 9,3,2010,07/10/2011,0,,0,,1,,,,,,,,13,
The French Lieutenant's Woman,"Fowles, John",0,,3,1969,30/09/2011,1,,0,,,,,,,1,,,5,
Concrete Island,"Ballard, J.G.",0,,3,1974,24/09/2011,0,,0,,,,,,,,,,20,
The Secret History,"Tartt, Donna",1,,3,1992,20/09/2011,1,,0,,,,,,,,,,2,
Super Sad True Love Story,"Shteyngart, Gary",0,,4,2010,14/09/2011,0,,0,,1,,,,,,,,1,
C,"McCarthy, Tom",0,,3,2010,01/09/2011,0,,0,,,,,,,,,,4,
A Visit from the Goon Squad,"Egan, Jennifer",1,,5,2010,23/08/2011,0,"near future, music, america",0,,1,,,,,,,,5,
The Rachel Papers,"Amis, Martin",0,,3,1973,20/08/2011,0,,0,,,,,,1,,,,6,
The PowerBook,"Winterson, Jeanette",1,,2,2000,17/08/2011,0,,0,,,,,,,,,,7,
The Ballad of Peckham Rye,"Spark, Muriel",1,,4,1960,15/08/2011,0,,0,,,,,,,,,,11,
The Book of Illusions,"Auster, Paul",0,,1,2002,12/08/2011,0,,0,,,,,,,,,,3,
"Everything Ravaged, Everything Burned","Tower, Wells",0,,4,2009,11/08/2011,0,,0,,,,,,,,,1,1,
Who Will Run The Frog Hospital?,"Moore, Lorrie",1,,4,1994,03/08/2011,0,,0,,,,,,,,,,4,
Parrot and Olivier in America,"Carey, Peter",0,,4,2009,29/07/2011,1,,0,,,,,,,1,,,6,
Iron Council ,"Miéville, China",0,Bas-Lag 3,3,2004,16/07/2011,0,,0,,,1,,,,,,,10,
The Prime of Miss Jean Brodie,"Spark, Muriel",1,,4,1961,09/07/2011,0,,0,,,,,,,,,,11,
A Most Wanted Man,"Carre, John le",0,,2,2008,30/06/2011,0,,0,,,,,1,,,,,3,
Nova Swing,"Harrison, M. John",0,Kefahuchi Tract 2,4,2006,15/06/2011,1,,0,,1,,,,,,,,6,
The Buddha of Suburbia,"Kureishi, Hanif",0,,4,1990,07/06/2011,0,,0,,,,,,,,,,1,
Nymphomation,"Noon, Jeff",0,,2,1997,18/05/2011,1,"Weird, Manchester",0,,1,1,,,,,,,1,
Her Fearful Symmetry,"Niffenegger, Audrey",1,,3,2009,03/05/2011,0,,0,,,,,,,,,,2,
The Star Fraction,"MacLeod, Ken",0,The Fall Revolution 1,2,1995,27/04/2011,0,,0,,1,,,,,,,,3,
My Life as a Fake,"Carey, Peter",0,,3,2003,26/04/2011,0,book-related,0,,,,,,,,,,6,
Affinity,"Waters, Sarah",1,,2,1999,19/04/2011,0,Prisons,0,,,,,,,1,,,2,
Zoo City,"Beukes, Lauren",1,,4,2010,13/04/2011,1,south africa,0,,,1,1,,,,,,2,
A Kind of Intimacy,"Ashworth, Jenn",1,,3,2009,10/04/2011,1,,0,,,,,,1,,,,3,
The Casebook of Victor Frankenstein,"Ackroyd, Peter",0,,2,2008,20/03/2011,0,"london, book-related",0,,,,,,,1,,,6,
The Child Garden,"Ryman, Geoff",0,,3,1989,01/01/2011,1,,0,,1,,,,,,,,4,
The Unicorn,"Murdoch, Iris",1,,4,1963,01/01/2011,0,,0,,,,,,,,,,10,
The Girls of Slender Means,"Spark, Muriel",1,,4,1963,01/01/2011,0,,0,,,,,,,,,,11,
The Mighty Walzer,"Jacobson, Howard",0,,4,1999,22/09/2010,0,,0,,,,,,,,,,4,
Napolean Of Notting Hill,"Chesterton, G.K.",0,,2,1904,12/09/2010,0,"london, war",0,,,,,,1,,,,3,
Makers,"Doctorow, Cory",0,,1,2009,02/09/2010,0,near future,0,,1,,,,,,,,1,
Labyrinths: Selected Stories and Other Writings,"Borges, Jorge Luis",0,,4,1962,26/08/2010,0,,0,,,1,,,,,,1,2,
Oryx and Crake,"Atwood, Margaret",1,,4,2003,18/08/2010,1,apocalyptic,0,,1,,,,,,,,14,
Vineland,"Pynchon, Thomas",0,,3,1990,12/08/2010,0,"Drugs, America",0,,,,,,,,,,3,
Kraken,"Miéville, China",0,,3,2010,06/08/2010,0,London,0,,,1,,,,,,,10,
Gentlemen of the Road,"Chabon, Michael",0,,3,2007,29/07/2010,1,,0,,,,,,,1,,,11,
Shades of Grey,"Fforde, Jasper",0,,3,2009,21/07/2010,0,Dystopia,0,,1,,,,1,,,,9,
Invisible Cities,"Calvino, Italo",0,,4,1972,16/07/2010,0,Cities,0,,,1,,,,,,1,5,
Fury,"Rushdie, Salman",0,,4,2001,07/07/2010,0,,0,,,,,,,,,,7,
Possession,"Byatt, A.S.",1,,4,1990,26/06/2010,0,book-related,0,,,,,,,,,,4,
The Night Sessions,"MacLeod, Ken",0,,3,2008,17/06/2010,0,,0,,,,,,,,,,3,
Beautiful Losers,"Cohen, Leonard",0,,3,1966,11/06/2010,1,,0,,,,,,,,,,1,
The Restraint of Beasts,"Mills, Magnus",0,,2,1998,25/05/2010,0,Scotland,0,,,,,,1,,,,4,
Revelation Space,"Reynolds, Alastair",0,,3,2000,18/05/2010,1,,0,,,,,,,,,,8,
Our Tragic Universe,"Thomas, Scarlett",1,,4,2010,01/01/2010,0,,0,,,,,,,,,,5,
The Fire Gospel,"Faber, Michel",0,,3,2008,01/01/2010,0,religion,0,,,,,,,,,,3,
Air,"Ryman, Geoff",0,,4,2004,01/01/2010,0,,0,,,,,,,,,,4,
253,"Ryman, Geoff",0,,4,1998,01/01/2010,0,,0,,,,,,,,,1,4,
Special Topics in Calamity Physics,"Pessl, Marisha",1,,3,2006,01/01/2009,0,,0,,,,,,,,,,1,
The Windup Girl,"Bacigalupi, Paolo",0,,3,2009,,1,near future,0,,1,,,,,,,,2,
Transition,"Banks, Iain M.",0,,3,2009,,0,,0,,1,,,,,,,,13,
Generation A,"Coupland, Douglas",0,,2,2009,,0,near future,0,,1,,,,,,,,1,
The Quickening Maze,"Foulds, Adam",0,,3,2009,,1,book-related,19,,,,,,,1,,,1,
The Owl Killers,"Maitland, Karen",1,,3,2009,,0,,0,,,,,,,,,,3,
The City & the City,"Miéville, China",0,,4,2009,,1,,0,,,,,,,,,,10,
Matter,"Banks, Iain M.",0,Culture 8,3,2008,,0,,0,,1,,,,,,,,13,
A Short Gentleman,"Canter, Jon",0,,3,2008,,0,,0,,,,,,1,,,,3,
The Dark Volume,"Dahlquist, Gordon",0,Dream Eaters 2,2,2008,,0,gothic,0,,,1,,,,,,,2,
The Gone-Away World,"Harkaway, Nick",0,,4,2008,,1,,0,,,,,,,,,,4,
Company of Liars,"Maitland, Karen",1,,4,2008,,1,,0,,,,,,,,,,3,
The Enchantress Of Florence,"Rushdie, Salman",0,,3,2008,,0,,0,,,,,,,,,,7,
Anathem,"Stephenson, Neal",0,,3,2008,,0,,0,,,,,,,,,,7,
The Suspicions of Mr. Whicher,"Summerscale, Kate",1,,2,2008,,0,,0,,,,,,,,1,,1,
December,"Winthrop, Elizabeth Hartley",1,,2,2008,,0,,0,,,,,,,,,,1,
The Yiddish Policemen's Union,"Chabon, Michael",0,,4,2007,,0,religion,0,,,,1,,,1,,,11,
The Rain Before it Falls,"Coe, Jonathan",0,,2,2007,,0,,0,,,,,,,,,,1,
Diary of a Bad Year,"Coetzee, J.M.",0,,3,2007,,1,south africa,0,,,,,,,,,,2,
The Nigger of the 'Narcissus' and Other Stories,"Conrad, Joseph",0,,3,2007,,0,maritime,0,,,,,,,,,1,7,
Falling Man,"DeLillo, Don",0,,2,2007,,1,america,0,,,,,,,,,,6,
Engleby,"Faulks, Sebastian",0,,3,2007,,0,,0,,,,,,,,,,1,
First Among Sequels,"Fforde, Jasper",0,Thursday Next 5,3,2007,,0,book-related,0,,,,,,1,,,,9,
The Reavers,"Fraser, George MacDonald",0,,2,2007,,1,,0,,,1,,,1,1,,,5,
The Ingenious Edgar Jones,"Garner, Elizabeth",1,,3,2007,,0,gothic,0,,,,,,,1,,,1,
The Court of the Air ,"Hunt, Stephen",0,Jackelian 1,1,2007,,0,,0,,,,,,,,,,1,
This Is How,"Hyland, M.J.",1,,3,2007,,1,,0,,,,,,,,,,3,
Un Lun Dun,"Miéville, China",0,,2,2007,,0,,0,,,,,,,,,,10,
Making Money,"Pratchett, Terry",0,Discworld 36,3,2007,,0,,0,,,,,,,,,,32,
Unseen Academicals,"Pratchett, Terry",0,Discworld 37,3,2007,,0,,0,,,1,,,1,,,,32,
Harry Potter and the Deathly Hallows ,"Rowling, J.K.",1,Harry Potter 7,2,2007,,0,,0,,,,,,,,,,5,
Cold Comfort Farm,"West, Clare",1,,4,2007,,1,,0,,,,,,,,,,1,
The Stone Gods,"Winterson, Jeanette",1,,3,2007,,0,,0,,,,,,,,,,7,
House of Meetings,"Amis, Martin",0,,3,2006,,0,russia,0,,,,,,,1,,,6,
Kingdom Come,"Ballard, J.G.",0,,4,2006,,0,,0,,,,,,,,,,20,
The Ladies of Grace Adieu and Other Stories,"Clarke, Susanna",1,,3,2006,,1,,0,,,1,,,,,,1,2,
The Meaning of Night,"Cox, Michael",0,,3,2006,,0,gothic,19,,,,,,,1,,,1,
The Glass Books of the Dream Eaters,"Dahlquist, Gordon",0,Dream Eaters 1,3,2006,,0,gothic,0,,,1,,,,,,,2,
Twilight of the Superheroes,"Eisenberg, Deborah",1,,3,2006,,1,america,0,,,,,,,,,1,1,
The Fourth Bear,"Fforde, Jasper",0,,4,2006,,0,,0,,,1,1,,1,,,,9,
Fragile Things: Short Fictions and Wonders,"Gaiman, Neil",0,,3,2006,,0,gothic,0,,,1,,,,,,1,10,
The Quiet Girl,"Hoeg, Peter",0,,1,2006,,0,,0,,,,,,,,,,3,
Kalooki Nights,"Jacobson, Howard",0,,3,2006,,0,,0,,,,,,,,,,4,
The Road,"McCarthy, Cormac",0,,1,2006,,0,,0,,,,,,,,,,2,
Incredible Bodies,"McGuire, Ian",0,,3,2006,,1,,0,,,,,,,,,,1,
The View from Castle Rock,"Munro, Alice",1,,2,2006,,1,,0,,,,,,,,,1,1,
The Testament of Gideon Mack,"Robertson, James",0,,4,2006,,0,,0,,,,,,,,,,3,
The Interpretation of Murder,"Rubenfeld, Jed",0,,2,2006,,0,,0,,,,,,,,,,1,
The Book of Dave: A Revelation of the Recent Past and the Distant Future,"Self, Will",0,,3,2006,,0,,0,,,,,,,,,,6,
The End of Mr. Y,"Thomas, Scarlett",1,,3,2006,,0,,0,,,,,,,,,,5,
The Penelopiad,"Atwood, Margaret",1,,2,2005,,0,classical,0,,,1,,,,,,,14,
J.G. Ballard Conversations,"Ballard, J.G.",0,,4,2005,,1,,0,,,,,,,,1,,20,
The Steep Approach to Garbadale,"Banks, Iain",0,,2,2005,,0,,0,,,,,,,,,,14,
The Big Over Easy ,"Fforde, Jasper",0,,4,2005,,0,,0,,,,,,,,,,9,
Anansi Boys,"Gaiman, Neil",0,,4,2005,,0,,0,,,1,,,1,,,,10,
Never Let Me Go,"Ishiguro, Kazuo",0,,4,2005,,0,,0,,,,,,,,,,5,
The Historian,"Kostova, Elizabeth",1,,2,2005,,0,,0,,,,,,,,,,1,
No Country For Old Men,"McCarthy, Cormac",0,,2,2005,,0,,0,,,,,,,,,,2,
Looking for Jake,"Miéville, China",0,,3,2005,,0,,0,,,,,,,,,1,10,
Explorers of the New Century,"Mills, Magnus",0,,2,2005,,0,,0,,,,,,,,,,4,
Thud!,"Pratchett, Terry",0,Discworld 34,3,2005,,0,,0,,,,,,,,,,32,
Harry Potter and the Half-Blood Prince,"Rowling, J.K.",1,Harry Potter 6,3,2005,,0,,0,,,,,,,,,,5,
Shalimar the Clown,"Rushdie, Salman",0,,4,2005,,0,,0,,,,,,,,,,7,
Weight: The Myth of Atlas and Heracles,"Winterson, Jeanette",1,,2,2005,,0,,0,,,,,,,,,,7,
The Book Thief,"Zusak, Markus",0,,3,2005,,1,,0,,,,,,,,,,1,
The Algebraist,"Banks, Iain M.",0,,2,2004,,0,,0,,1,,,,,,,,13,
The Final Solution,"Chabon, Michael",0,,3,2004,,0,,0,,,,1,,,1,,,11,
Jonathan Strange & Mr Norrell,"Clarke, Susanna",1,,5,2004,,1,,0,,,1,,,,,,,2,
The Mysterious Flame of Queen Loana,"Eco, Umberto",0,,2,2004,,1,,0,,,,,,,,,,7,
Something Rotten ,"Fforde, Jasper",0,Thursday Next 4,4,2004,,0,,0,,,1,,,1,,,,9,
The Line of Beauty,"Hollinghurst, Alan",0,,4,2004,,1,,0,,,,,,,,,,2,
Cloud Atlas,"Mitchell, David",0,,4,2004,,1,,0,,,,,,,,,,7,
After Dark,"Murakami, Haruki",0,,2,2004,,0,,0,,,,,,,,,,6,
The Plot Against America,"Roth, Philip",0,,3,2004,,0,,0,,,,,,,,,,2,
Dining on Stones,"Sinclair, Iain",0,,3,2004,,0,,0,,,,,,,,,,2,
The Confusion,"Stephenson, Neal",0,Baroque Cycle 2,4,2004,,0,,0,,,,,,,,,,7,
The System of the World ,"Stephenson, Neal",0,Baroque Cycle 3,4,2004,,0,,0,,,,,,,,,,7,
Oryx and Crake,"Atwood, Margaret",1,MaddAddam 1,4,2003,,2,"utopia, near future",0,,1,,,,,,,,14,
Oracle Night,"Auster, Paul",0,,2,2003,,0,,0,,,,,,,,,,3,
Millennium People,"Ballard, J.G.",0,,4,2003,,1,,0,,,,,,,,,,20,
The Da Vinci Code ,"Brown, Dan",0,,1,2003,,0,religion,0,,,,,,,,,,1,
McSweeney's Mammoth Treasury of Thrilling Tales,"Chabon, Michael",0,,3,2003,,0,,0,,,,,,,,,1,11,
The Well of Lost Plots,"Fforde, Jasper",0,Thursday Next 3,3,2003,,1,book-related,0,,,1,,,1,,,,9,
The Curious Incident of the Dog in the Night-Time,"Haddon, Mark",0,,3,2003,,0,,0,,,,,,,,,,1,
The Time Traveler's Wife,"Niffenegger, Audrey",1,,3,2003,,0,,0,,,,,,,,,,2,
Last Tango in Aberystwyth ,"Pryce, Malcolm",0,,2,2003,,0,,0,,,,,,,,,,1,
Harry Potter and the Order of the Phoenix,"Rowling, J.K.",1,Harry Potter 5,3,2003,,0,,0,,,,,,,,,,5,
Quicksilver,"Stephenson, Neal",0,Baroque Cycle 1,3,2003,,1,,0,,,,,,,,,,7,
Dead Air,"Banks, Iain",0,,3,2002,,1,,0,,,,,,,,,,14,
Lost in a Good Book,"Fforde, Jasper",0,Thursday Next 2,3,2002,,1,book-related,0,,,1,,,1,,,,9,
Coraline,"Gaiman, Neil",0,,3,2002,,0,gothic,0,,,,,,,,,,10,
Light ,"Harrison, M. John",0,Kefahuchi Tract 1,4,2002,,1,,0,,,,,,,,,,6,
The Scar ,"Miéville, China",0,Bas-Lag 2,4,2002,,0,,0,,,,,,,,,,10,
Kafka on the Shore,"Murakami, Haruki",0,,5,2002,,0,,0,,,,,,,,,,6,
Night Watch ,"Pratchett, Terry",0,Discworld 29,4,2002,,0,,0,,,,,,,,,,32,
The Separation,"Priest, Christopher",0,,3,2002,,0,,0,,,,,,,,,,6,
The Lovely Bones,"Sebold, Alice",1,,2,2002,,0,,0,,,,,,,,,,1,
Dorian,"Self, Will",0,,3,2002,,0,,0,,,,,,,,,,6,
The Little Friend,"Tartt, Donna",1,,3,2002,,1,,0,,,,,,,,,,2,
The Complete Short Stories,"Ballard, J.G.",0,,5,2001,,1,,0,,1,,,,,,,1,20,
The Eyre Affair ,"Fforde, Jasper",0,Thursday Next 1,4,2001,,1,book-related,0,,,1,,,1,,,,9,
American Gods ,"Gaiman, Neil",0,,3,2001,,1,,0,,,1,,,,,,,10,
Carter Beats the Devil,"Gold, Glen David",0,,3,2001,,1,,0,,,,,,,1,,,1,
Life of Pi,"Martel, Yann",0,,2,2001,,0,,0,,,,,,,,,,1,
number9dream,"Mitchell, David",0,,4,2001,,0,,0,,,,,,,,,,7,
Thief of Time,"Pratchett, Terry",0,Discworld 26,3,2001,,0,,0,,,,,,,,,,32,
The Shadow of the Wind ,"Zafon, Carlos Ruiz",0,,3,2001,,0,,0,,,,,,,,,,1,
The Blind Assassin,"Atwood, Margaret",1,,5,2000,,1,,0,,1,,,,,,,,14,
Super-Cannes,"Ballard, J.G.",0,,4,2000,,0,,0,,,,,,,,,,20,
Look to Windward ,"Banks, Iain M.",0,Culture 7,4,2000,,1,,0,,1,,,,,,,,13,
The Constant Gardener,"Carre, John le",0,,3,2000,,0,,0,,,,,1,,,,,3,
The Amazing Adventures of Kavalier & Clay,"Chabon, Michael",0,,4,2000,,1,"america, war",0,,,,,,,1,,,11,
Baudolino,"Eco, Umberto",0,,4,2000,,1,,12,,,1,,,,,,,7,
Viriconium,"Harrison, M. John",0,,5,2000,,1,,0,,,,,,,,,,6,
When We Were Orphans,"Ishiguro, Kazuo",0,,4,2000,,0,,0,,,,,,,,,,5,
English Passengers,"Kneale, Matthew",0,,4,2000,,0,,0,,,,,,,,,,1,
"Ben, In the World","Lessing, Doris",1,,2,2000,,0,,0,,,,,,,,,,2,
Perdido Street Station ,"Miéville, China",0,Bas-Lag 1,4,2000,,1,,0,,,,,,,,,,10,
The Truth ,"Pratchett, Terry",0,Discworld 25,0,2000,,1,,0,,,,,,,,,,32,
The Amber Spyglass,"Pullman, Philip",0,His Dark Materials 3,2,2000,,0,,0,,,,,,,,,,3,
Harry Potter and the Goblet of Fire,"Rowling, J.K.",1,Harry Potter 4,3,2000,,0,,0,,,,,,,,,,5,
How the Dead Live,"Self, Will",0,,4,2000,,0,,0,,,,,,,,,,6,
The Plato Papers,"Ackroyd, Peter",0,,2,1999,,0,"book-related, classical",17,,,,,,,1,,,6,
The Business,"Banks, Iain",0,,2,1999,,0,,0,,,,,,,,,,14,
Werewolves in Their Youth,"Chabon, Michael",0,,3,1999,,0,,0,,,,,,,,,1,11,
The Sky Road,"MacLeod, Ken",0,The Fall Revolution 4,4,1999,,1,,0,,,,,,,,,,3,
Ghostwritten,"Mitchell, David",0,,4,1999,,0,,0,,,,,,,,,,7,
The Fifth Elephant,"Pratchett, Terry",0,Discworld 24,3,1999,,1,,0,,,,,,,,,,32,
Silver Screen,"Robson, Justina",1,,0,1999,,0,,0,,1,,,,,,,,2,
Harry Potter and the Prisoner of Azkaban ,"Rowling, J.K.",1,Harry Potter 3,4,1999,,0,,0,,,,,,,,,,5,
The Ground Beneath Her Feet,"Rushdie, Salman",0,,4,1999,,0,,0,,,,,,,,,,7,
Inversions ,"Banks, Iain M.",0,Culture 6,3,1998,,0,,0,,1,,,,,,,,13,
Smoke and Mirrors: Short Fiction and Illusions,"Gaiman, Neil",0,,3,1998,,0,gothic,0,,,1,,,,,,1,10,
Amsterdam,"McEwan, Ian",0,,3,1998,,0,,0,,,,,,,,,,6,
The Restraint of Beasts,"Mills, Magnus",0,,2,1998,,0,,0,,,,,,,,,,4,
Carpe Jugulum ,"Pratchett, Terry",0,Discworld 23,2,1998,,0,,0,,,,,,,,,,32,
The Last Continent,"Pratchett, Terry",0,Discworld 22,2,1998,,1,,0,,,,,,,,,,32,
I Married a Communist,"Roth, Philip",0,,3,1998,,0,,0,,,,,,,,,,2,
A Song of Stone,"Banks, Iain",0,,2,1997,,0,,0,,,,,,,,,,14,
Enduring Love,"McEwan, Ian",0,,3,1997,,0,,0,,,,,,,,,,6,
Jingo ,"Pratchett, Terry",0,Discworld 21,5,1997,,1,,0,,,,,,,,,,32,
Alias Grace,"Atwood, Margaret",1,,3,1996,,1,,0,,,,,,,1,,,14,
Cocaine Nights,"Ballard, J.G.",0,,4,1996,,0,,0,,,,,,,,,,20,
Excession ,"Banks, Iain M.",0,Culture 5,3,1996,,0,,0,,1,,,,,,,,13,
Neverwhere,"Gaiman, Neil",0,,4,1996,,1,london,0,,,1,,,1,,,,10,
The Silence of the Rain,"Garcia-Roza, Luiz Alfredo",0,,2,1996,,0,brazil,0,,,,1,,,,,,1,
Fugitive Pieces,"Michaels, Anne",1,,0,1996,,1,,0,,,,,,,,,,1,
Hogfather,"Pratchett, Terry",0,Discworld 20,3,1996,,0,,0,,,,,,,,,,32,
Feet of Clay,"Pratchett, Terry",0,Discworld 19,2,1996,,0,,0,,,,,,,,,,32,
The Subtle Knife ,"Pullman, Philip",0,His Dark Materials 2,3,1996,,0,,0,,,,,,,,,,3,
CivilWarLand in Bad Decline,"Saunders, George",0,,4,1996,,1,,0,,,,,,,,,1,2,
The Information,"Amis, Martin",0,,3,1995,,1,book-related,0,,,,,,1,,,,6,
Whit,"Banks, Iain",0,,3,1995,,0,religion,0,,,,,,,,,,14,
Burning Your Boats: The Collected Short Stories,"Carter, Angela",1,,5,1995,,1,,0,,,1,,,,,,1,6,
Wonder Boys,"Chabon, Michael",0,,5,1995,,0,book-related,0,,,,,,1,,,,11,
Maskerade,"Pratchett, Terry",0,Discworld 18,4,1995,,1,,0,,,,,,,,,,32,
The Prestige,"Priest, Christopher",0,,3,1995,,0,,0,,,,,,,,,,6,
The Golden Compass ,"Pullman, Philip",0,His Dark Materials 1,4,1995,,0,,0,,,,,,,,,,3,
The Rings of Saturn,"Sebald, W.G.",0,,3,1995,,1,,0,,,,,,,,,,1,
The Diamond Age,"Stephenson, Neal",0,,4,1995,,1,,0,,,,,,,,,,7,
Dan Leno & The Limehouse Golem,"Ackroyd, Peter",0,,2,1994,,0,"london, gothic",0,,,,,,,1,,,6,
Rushing to Paradise,"Ballard, J.G.",0,,3,1994,,0,,0,,,,,,,,,,20,
The Island of the Day Before,"Eco, Umberto",0,,3,1994,,0,maritime,0,,,,,,,1,,,7,
Flashman and the Angel of the Lord ,"Fraser, George MacDonald",0,Flashman 10,3,1994,,0,,0,,,,,,1,1,,,5,
Closing Time,"Heller, Joseph",0,,3,1994,,0,,0,,,,,,,,,,3,
The Wind-Up Bird Chronicle,"Murakami, Haruki",0,,2,1994,,1,,0,,,,,,,,,,6,
Interesting Times ,"Pratchett, Terry",0,Discworld 17,4,1994,,1,,0,,,,,,,,,,32,
Soul Music ,"Pratchett, Terry",0,Disworld 16,3,1994,,0,,0,,,,,,,,,,32,
Shadow & Claw,"Wolfe, Gene",0,Book of the New Sun 1-2,4,1994,,0,,0,,,,,,,,,,2,
Sword & Citadel ,"Wolfe, Gene",0,Book of the New Sun 3-4,4,1994,,0,,0,,,,,,,,,,2,
House of Doctor Dee,"Ackroyd, Peter",0,,2,1993,,0,"london, gothic",0,,,,,,,1,,,6,
The Robber Bride,"Atwood, Margaret",1,,4,1993,,0,,0,,,,,,,,,,14,
Complicity,"Banks, Iain",0,,2,1993,,0,,0,,,,,,,,,,14,
Against a Dark Background,"Banks, Iain M.",0,,3,1993,,1,,0,,1,,,,,,,,13,
A Dead Man in Deptford,"Burgess, Anthony",0,,4,1993,,0,book-related,0,,,,,,,1,,,4,
Men at Arms ,"Pratchett, Terry",0,Discworld 15,4,1993,,0,,0,,,,,,,,,,32,
My Idea of Fun,"Self, Will",0,,3,1993,,0,,0,,,,,,,,,,6,
The Crow Road,"Banks, Iain",0,,4,1992,,1,,0,,,,,,,,,,14,
Angela Carter's Book of Fairy Tales,"Carter, Angela",1,,4,1992,,1,gothic,0,,,1,,,,,,1,6,
The Course of the Heart,"Harrison, M. John",0,,4,1992,,1,,0,,,,,,,,,,6,
Miss Smilla's Feeling for Snow,"Hoeg, Peter",0,,4,1992,,0,,0,,,,,,,,,,3,
The Reckoning: The Murder of Christopher Marlowe,"Nicholl, Charles",0,,0,1992,,0,,0,,,,,,,,1,,1,
Lords and Ladies,"Pratchett, Terry",0,Discworld 14,3,1992,,0,,0,,,,,,,,,,32,
Small Gods,"Pratchett, Terry",0,Discworld 13,3,1992,,0,,0,,,,,,,,,,32,
The Kindness of Women ,"Ballard, J.G.",0,,3,1991,,1,,0,,,,,,,,,,20,
The Mortdecai Trilogy,"Bonfiglioli, Kyril",0,,4,1991,,0,art,0,,,,,,1,,,,1,
Wise Children,"Carter, Angela",1,,3,1991,,0,,0,,,,,,1,,,,6,
A Model World and Other Stories,"Chabon, Michael",0,,3,1991,,1,,0,,,,,,,,,1,11,
Dream Country,"Gaiman, Neil",0,Sandman 3,3,1991,,0,graphic novel,0,,,1,,,,,,,10,
Paradise News,"Lodge, David",0,,0,1991,,0,,0,,,,,,,,,,4,
Reaper Man,"Pratchett, Terry",0,Discworld 11,3,1991,,0,,0,,,,,,,,,,32,
Witches Abroad ,"Pratchett, Terry",0,Discworld 12,3,1991,,0,,0,,,,,,,,,,32,
The Quantity Theory of Insanity,"Self, Will",0,,3,1991,,0,,0,,,,,,,,,1,6,
Downriver,"Sinclair, Iain",0,,3,1991,,0,,0,,,,,,,,,,2,
Use of Weapons ,"Banks, Iain M.",0,Culture 4,4,1990,,1,,0,,1,,,,,,,,13,
The Doll's House ,"Gaiman, Neil",0,Sandman 2,4,1990,,0,graphic novel,0,,,1,,,,,,,10,
Season of Mists ,"Gaiman, Neil",0,Sandman 4,3,1990,,0,graphic novel,0,,,1,,,,,,,10,
The Difference Engine,"Gibson, William",0,,2,1990,,0,,0,,,,,,,1,,,6,
The Innocent,"McEwan, Ian",0,,3,1990,,0,,0,,,,,,,,,,6,
Good Omens,"Pratchett, Terry",0,,4,1990,,0,religion,0,,,1,,,1,,,,32,
Eric ,"Pratchett, Terry",0,Discworld 9,3,1990,,0,,0,,,,,,,,,,32,
Moving Pictures ,"Pratchett, Terry",0,Discworld 10,3,1990,,0,,0,,,,,,,,,,32,
Vineland,"Pynchon, Thomas",0,,3,1990,,0,,0,,,,,,,,,,3,
Haroun and the Sea of Stories,"Rushdie, Salman",0,,4,1990,,0,,0,,,,,,,,,,7,
Canal Dreams,"Banks, Iain",0,,2,1989,,1,,0,,,,,,,,,,14,
And the Ass Saw the Angel,"Cave, Nick",0,,3,1989,,1,"america, gothic, religion",0,,,,,,,,,,1,
The Remains of the Day,"Ishiguro, Kazuo",0,,4,1989,,0,,0,,,,,,,,,,5,
Guards! Guards! ,"Pratchett, Terry",0,Discworld 8,4,1989,,0,,0,,,,,,,,,,32,
Pyramids,"Pratchett, Terry",0,Discworld 7,0,1989,,0,,0,,,,,,,,,,32,
Running Wild,"Ballard, J.G.",0,,3,1988,,0,,0,,,,,,,,,,20,
The Player of Games ,"Banks, Iain M.",0,Culture 2,3,1988,,0,,0,,1,,,,,,,,13,
Any Old Iron,"Burgess, Anthony",0,,4,1988,,0,wales,0,,,,,,,,,,4,
The Mysteries of Pittsburgh,"Chabon, Michael",0,,3,1988,,0,america,0,,,,,,1,,,,11,
The Alchemist,"Coelho, Paulo",0,,1,1988,,0,,0,,,,,,,,,,1,
Ratking,"Dibdin, Michael",0,Aurelio Zen 1,0,1988,,0,,0,,,,1,,,,,,1,
Foucault's Pendulum,"Eco, Umberto",0,,5,1988,,0,,0,,,,,,,,,,7,
Preludes and Nocturnes,"Gaiman, Neil",0,Sandman 1,3,1988,,0,graphic novel,0,,,1,,,,,,,10,
Nice Work,"Lodge, David",0,,0,1988,,0,,0,,,,,,,,,,4,
Dance Dance Dance,"Murakami, Haruki",0,,3,1988,,1,,0,,,,,,,,,,6,
Wyrd Sisters,"Pratchett, Terry",0,Discworld 6,3,1988,,0,,0,,,,,,,,,,32,
Sourcery,"Pratchett, Terry",0,Discworld 5,0,1988,,0,,0,,,,,,,,,,32,
The Satanic Verses,"Rushdie, Salman",0,,4,1988,,1,,0,,,,,,,,,,7,
The New York Trilogy,"Auster, Paul",0,,3,1987,,0,,0,,,,1,,,,,,3,
The Day of Creation,"Ballard, J.G.",0,,3,1987,,0,,0,,,,,,,,,,20,
Espedair Street,"Banks, Iain",0,,3,1987,,0,music,0,,,,,,,,,,14,
Consider Phlebas ,"Banks, Iain M.",0,Culture 1,2,1987,,0,,0,,1,,,,,,,,13,
Watchmen,"Moore, Alan",0,,4,1987,,0,graphic novel,0,,,,,,,,,,1,
Norwegian Wood,"Murakami, Haruki",0,,3,1987,,0,,0,,,,,,,,,,6,
Equal Rites ,"Pratchett, Terry",0,Discworld 3,4,1987,,0,,0,,,,,,,,,,32,
Mort,"Pratchett, Terry",0,Discworld 4,4,1987,,0,,0,,,,,,,,,,32,
The Passion,"Winterson, Jeanette",1,,4,1987,,0,,0,,,,,,,,,,7,
Milton in America,"Ackroyd, Peter",0,,3,1986,,0,book-related,0,,,,,,,1,,,6,
The Old Devils,"Amis, Kingsley",0,,3,1986,,0,wales,0,,,,,,1,,,,5,
The Bridge,"Banks, Iain",0,,4,1986,,1,,0,,,1,,,,,,,14,
A Perfect Spy,"Carre, John le",0,,0,1986,,0,,0,,,,,1,,,,,3,
Anagrams,"Moore, Lorrie",1,,4,1986,,0,,0,,,,,,,,,,4,
The Light Fantastic ,"Pratchett, Terry",0,Discworld 2,2,1986,,0,,0,,,,,,,,,,32,
The Golden Gate,"Seth, Vikram",0,,3,1986,,0,,0,,,,,,,,,,1,
Hawksmoor,"Ackroyd, Peter",0,,3,1985,,0,"london, gothic",0,,,,1,,,1,,,6,
The Handmaid's Tale,"Atwood, Margaret",1,,4,1985,,1,utopia,0,,1,,,,,,,,14,
Walking on Glass,"Banks, Iain",0,,4,1985,,0,,0,,,1,,,,,,,14,
The Good Terrorist,"Lessing, Doris",1,,4,1985,,0,,0,,,,,,,,,,2,
Hard-Boiled Wonderland and the End of the World,"Murakami, Haruki",0,,4,1985,,0,,0,,,,,,,,,,6,
Perfume: The Story of a Murderer,"Suskind, Patrick",0,,4,1985,,1,,0,,,,,,,,,,1,
Galapagos,"Vonnegut, Kurt",0,,2,1985,,1,,0,,,,,,,,,,5,
Money: A Suicide Note,"Amis, Martin",0,,4,1984,,0,"america, london",0,,,,,,1,,,,6,
Empire of the Sun,"Ballard, J.G.",0,,4,1984,,1,,0,,,,,,,1,,,20,
The Wasp Factory,"Banks, Iain",0,,3,1984,,0,gothic,0,,,,,,,,,,14,
Neuromancer,"Gibson, William",0,Sprawl 1,1,1984,,1,cyberpunk,0,,1,,,,,,,,6,
God Knows,"Heller, Joseph",0,,3,1984,,0,,0,,,,,,,,,,3,
The Glamour,"Priest, Christopher",0,,3,1984,,0,,0,,,,,,,,,,6,
Fantastic Tales: Visionary and Everyday,"Calvino, Italo",0,,0,1983,,1,gothic,0,,,,,,,,,1,5,
Glengarry Glen Ross,"Mamet, David",0,,4,1983,,0,,0,1,,,,,,,,,2,
The Color of Magic ,"Pratchett, Terry",0,Discworld 1,2,1983,,0,,0,,,,,,,,,,32,
"If Not Now, When?","Levi, Primo",0,,0,1982,,0,,0,,,,,,,,,,2,
Hello America,"Ballard, J.G.",0,,4,1981,,0,"america, apocalyptic",0,,1,,,,,,,,20,
The Turn of the Screw and Other Short Fiction,"James, Henry",0,,3,1981,,1,,0,,,,,,,,,1,1,
Midnight's Children,"Rushdie, Salman",0,,3,1981,,1,,0,,,,,,,,,,7,
The Name of the Rose,"Eco, Umberto",0,,4,1980,,1,religion,14,,,,1,,,1,,,7,
The Unlimited Dream Company,"Ballard, J.G.",0,,4,1979,,1,,0,,1,1,,,,,,,20,
If This Is a Man / The Truce,"Levi, Primo",0,,0,1979,,0,,0,,,,,,,,,,2,
The Cement Garden,"McEwan, Ian",0,,3,1978,,0,,0,,,,,,,,,,6,
"The Sea, the Sea","Murdoch, Iris",1,,4,1978,,1,,0,,,,,,,,,,10,
The Passion of New Eve,"Carter, Angela",1,,4,1977,,0,,0,,1,,,,,,,,6,
Flashman's Lady ,"Fraser, George MacDonald",0,Flashman 6,4,1977,,0,,0,,,,,,1,1,,,5,
The Alteration,"Amis, Kingsley",0,,4,1976,,0,religion,0,,,,,,,1,,,5,
High-Rise,"Ballard, J.G.",0,,4,1975,,1,,0,,,,,,,,,,20,
Changing Places,"Lodge, David",0,,0,1975,,0,,0,,,,,,,,,,4,
American Buffalo,"Mamet, David",0,,4,1975,,0,,0,1,,,,,,,,,2,
A Word Child,"Murdoch, Iris",1,,2,1975,,1,,0,,,,,,,,,,10,
The Ebony Tower,"Fowles, John",0,,4,1974,,1,,0,,,,,,,,,1,5,
Crash,"Ballard, J.G.",0,,3,1973,,1,,0,,,,,,,,,,20,
Red Shift,"Garner, Alan",0,,0,1973,,0,,0,,,,,,,,,,3,
The Honorary Consul,"Greene, Graham",0,,3,1973,,0,,0,,,,,,,,,,13,
The Black Prince,"Murdoch, Iris",1,,4,1973,,0,,0,,,,,,,,,,10,
Mf,"Burgess, Anthony",0,,3,1971,,0,,0,,,,,,,,,,4,
Flash for Freedom! ,"Fraser, George MacDonald",0,Flashman 3,3,1971,,0,,0,,,,,,1,1,,,5,
An Accidental Man,"Murdoch, Iris",1,,4,1971,,0,,0,,,,,,,,,,10,
The Dice Man,"Rhinehart, Luke",0,,1,1971,,1,,0,,,,,,,,,,1,
Fear and Loathing in Las Vegas,"Thompson, Hunter S.",0,,4,1971,,1,,0,,,,,,,,,,1,
The Atrocity Exhibition,"Ballard, J.G.",0,,3,1970,,0,,0,,,,,,,,,,20,
Flashman ,"Fraser, George MacDonald",0,Flashman 1,3,1969,,1,,0,,,,,,1,1,,,5,
Travels With My Aunt,"Greene, Graham",0,,3,1969,,0,,0,,,,,,,,,,13,
Dune Messiah,"Herbert, Frank",0,Dune 2,2,1969,,1,,0,,,,,,,,,,2,
Colonel Sun,"Amis, Kingsley",0,,0,1968,,0,,0,,,,,1,,,,,5,
Spring Snow,"Mishima, Yukio",0,,3,1968,,0,,0,,,,,,,,,,1,
The Magic Toyshop,"Carter, Angela",1,,3,1967,,0,magic realism,0,,,1,,,,,,,6,
Counter-Clock World,"Dick, Philip K.",0,,2,1967,,0,,0,,1,,,,,,,,4,
The Owl Service,"Garner, Alan",0,,0,1967,,0,,0,,,,,,,,,,3,
The Crystal World,"Ballard, J.G.",0,,4,1966,,1,apocalyptic,0,,1,,,,,,,,20,
The Master and Margarita,"Bulgakov, Mikhail",0,,5,1966,,0,"book-related, russia",0,,,1,,,1,,,,3,
Shadow Dance,"Carter, Angela",1,,3,1966,,0,magic-realism,0,,,,,,,,,,6,
The Comedians,"Greene, Graham",0,,4,1966,,0,,0,,,,,,,,,,13,
Black Snow,"Bulgakov, Mikhail",0,,3,1965,,0,book-related,0,,,,,,1,,,,3,
The Magus,"Fowles, John",0,,5,1965,,1,greece,0,,,,,,,,,,5,
Elidor,"Garner, Alan",0,,0,1965,,0,,0,,,,,,,,,,3,
Dune,"Herbert, Frank",0,Dune 1,4,1965,,1,,0,,,,,,,,,,2,
The British Museum Is Falling Down,"Lodge, David",0,,0,1965,,0,,0,,,,,,,,,,4,
The Crying of Lot 49,"Pynchon, Thomas",0,,2,1965,,0,,0,,,,,,,,,,3,
A Streetcar Named Desire and Other Plays,"Williams, Tennessee",0,,4,1965,,1,,0,1,,,,,,,,,3,
Greybeard,"Aldiss, Brian W.",0,,3,1964,,0,apocalyptic,0,,1,,,,,,,,3,
The Drought ,"Ballard, J.G.",0,,4,1964,,0,apocalyptic,0,,1,,,,,,,,20,
The Spire,"Golding, William",0,,3,1964,,0,religion,0,,,,,,,1,,,2,
The Collector,"Fowles, John",0,,3,1963,,1,,0,,,,,,,,,,5,
Cat's Cradle,"Vonnegut, Kurt",0,,3,1963,,0,,0,,,,,,,,,,5,
Who's Afraid of Virginia Woolf?,"Albee, Edward",0,,4,1962,,0,america,0,1,,,,,1,,,,2,
Hothouse,"Aldiss, Brian W.",0,,3,1962,,0,apocalyptic,0,,1,,,,,,,,3,
The Drowned World,"Ballard, J.G.",0,,4,1962,,0,apocalyptic,0,,1,,,,,,,,20,
Labyrinths: Selected Stories and Other Writings,"Borges, Jorge Luis",0,,4,1962,,1,,0,,,,,,,,,1,2,
A Clockwork Orange,"Burgess, Anthony",0,,4,1962,,1,near future,0,,1,,,,,,,,4,
The Man in the High Castle,"Dick, Philip K.",0,,1,1962,,0,,0,,1,,,,,1,,,4,
One Flew Over the Cuckoo's Nest,"Kesey, Ken",0,,4,1962,,1,,0,,,,,,,,,,1,
Catch 22,"Heller, Joseph",0,,4,1961,,1,,0,,,,,,,,,,3,
Our Ancestors,"Calvino, Italo",0,,4,1960,,0,gothic,0,,,1,,,,,,,5,
The American Dream & The Zoo Story,"Albee, Edward",0,,4,1959,,0,america,0,1,,,,,1,,,,2,
Gormenghast,"Peake, Mervyn",0,Gormenghast 2,5,1959,,1,,0,,,,,,,,,,4,
Titus Alone,"Peake, Mervyn",0,Gormenghast 3,,1959,,,,0,,,,,,,,,,4,
Titus Groan,"Peake, Mervyn",0,Gormenghast 1,,1959,,,,0,,,,,,,,,,4,
The Sirens of Titan,"Vonnegut, Kurt",0,,3,1959,,0,,0,,,,,,,,,,5,
Non-Stop,"Aldiss, Brian W.",0,,4,1958,,0,,0,,1,,,,,,,,3,
Our Man in Havana,"Greene, Graham",0,,4,1958,,0,,0,,,,,1,,,,,13,
The World Jones Made,"Dick, Philip K.",0,,3,1956,,0,,0,,1,,,,,,,,4,
The Flight from the Enchanter,"Murdoch, Iris",1,,5,1956,,0,,0,,,,,,,,,,10,
The Greek Myths 1,"Graves, Robert",0,,0,1955,,1,classical,0,,,,,,,,,,1,
The Quiet American,"Greene, Graham",0,,4,1955,,0,vietnam,0,,,,,1,,,,,13,
The Lord of the Rings ,"Tolkien, J.R.R.",0,,3,1955,,1,,0,,,,,,,,,,1,
Cat on a Hot Tin Roof,"Williams, Tennessee",0,,4,1955,,0,,0,1,,,,,,,,,3,
Lucky Jim,"Amis, Kingsley",0,,4,1954,,0,campus,0,,,,,,1,,,,5,
Lord of the Flies,"Golding, William",0,,3,1954,,1,,0,,,,,,,,,,2,
Fahrenheit 451,"Bradbury, Ray",0,,3,1953,,1,,0,,1,,,,,,,,2,
The Long Goodbye ,"Chandler, Raymond",0,Philip Marlowe 6,4,1953,,0,america,0,,,,1,,,,,,3,
Player Piano,"Vonnegut, Kurt",0,,4,1952,,1,,0,,,,,,,,,,5,
Men at Arms ,"Waugh, Evelyn",0,,3,1952,,0,war,0,,,,,,1,,,,5,
The End of the Affair,"Greene, Graham",0,,1,1951,,0,"war, religion",0,,,,,,,,,,13,
The Catcher in the Rye,"Salinger, J.D.",0,,3,1951,,0,,0,,,,,,,,,,1,
The Day of the Triffids,"Wyndham, John",0,,3,1951,,0,,0,,,,,,,,,,1,
Death of a Salesman,"Miller, Arthur",0,,0,1949,,0,,0,1,,,,,,,,,2,
1984,"Orwell, George",0,,4,1949,,1,,0,,,,,,,,,,3,
The Third Man,"Greene, Graham",0,,4,1948,,0,,0,,,,,1,,,,,13,
The Path to the Spiders' Nests,"Calvino, Italo",0,,2,1947,,0,war,0,,,,,,,1,,,5,
All My Sons,"Miller, Arthur",0,,0,1947,,0,,0,1,,,,,,,,,2,
That Hideous Strength ,"Lewis, C.S.",0,Space 3,2,1945,,0,,0,,,,,,,,,,4,
Animal Farm,"Orwell, George",0,,4,1945,,0,,0,,,,,,,,,,3,
The Glass Menagerie,"Williams, Tennessee",0,,5,1945,,0,,0,1,,,,,,,,,3,
Perelandra,"Lewis, C.S.",0,Space 2,3,1944,,0,,0,,,,,,,,,,4,
The Screwtape Letters,"Lewis, C.S.",0,,0,1942,,1,religion,0,,,,,,,,,,4,
Sick Heart River ,"Buchan, John",0,Edward Leithen 5,0,1941,,1,,0,,,,,,,,,,9,
Long Day's Journey Into Night,"O'Neill, Eugene",0,,4,1941,,0,,0,,,,,,,,,,1,
"Farewell, My Lovely ","Chandler, Raymond",0,Philip Marlowe 2,4,1940,,0,america,0,,,,1,,,,,,3,
The Power and the Glory,"Greene, Graham",0,,4,1940,,1,"mexico, religion",0,,,,,,,,,,13,
The Big Sleep,"Chandler, Raymond",0,Philip Marlowe 1,4,1939,,0,america,0,,,,1,,,,,,3,
Brighton Rock,"Greene, Graham",0,,0,1938,,0,,0,,,,,,,,,,13,
Out of the Silent Planet ,"Lewis, C.S.",0,Space 1,3,1938,,1,,0,,,,,,,,,,4,
Rebecca,"Maurier, Daphne du",1,,3,1938,,0,gothic,0,,,,,,,,,,1,
Scoop,"Waugh, Evelyn",0,,4,1937,,0,,0,,,,,,,,,,5,
The Island Of Sheep,"Buchan, John",0,,0,1936,,0,,0,,,,,,,,,,9,
Down and Out in Paris and London,"Orwell, George",0,,4,1933,,0,,0,,,,,,,,,,3,
The Gap In The Curtain,"Buchan, John",0,,0,1932,,1,,0,,,,,,,,,,9,
Orient Express,"Greene, Graham",0,,0,1932,,0,,0,,,,,,,,,,13,
The Glass Key,"Hammett, Dashiell",0,,3,1931,,1,,0,,,,,,,,,,4,
Brave New World,"Huxley, Aldous",0,,3,1931,,1,,0,,,,,,,,,,1,
Highland Fling,"Mitford, Nancy",1,,3,1931,,1,,0,,,,,,1,,,,6,
The Maltese Falcon,"Hammett, Dashiell",0,,4,1930,,1,,0,,,,,,,,,,4,
Vile Bodies,"Waugh, Evelyn",0,,3,1930,,0,,0,,,,,,,,,,5,
The Dain Curse,"Hammett, Dashiell",0,,3,1929,,1,,0,,,,,,,,,,4,
Red Harvest,"Hammett, Dashiell",0,,2,1929,,1,,0,,,,,,,,,,4,
Decline and Fall,"Waugh, Evelyn",0,,3,1928,,0,,0,,,,,,,,,,5,
The Complete Sherlock Holmes,"Doyle, Arthur Conan",0,,0,1927,,1,,0,,,,1,,,,,1,1,
The Complete Short Stories,"Wells, H.G.",0,,3,1927,,1,,0,,,,,,,,,1,6,
The Fatal Eggs,"Bulgakov, Mikhail",0,,3,1925,,0,,0,,1,,,,1,,,,3,
The Great Gatsby,"Fitzgerald, F. Scott",0,,5,1925,,1,america,0,,,,,,,,,,1,
The Trial,"Kafka, Franz",0,,2,1925,,0,,0,,,,,,,,,,1,
Mrs. Dalloway,"Woolf, Virginia",1,,2,1925,,0,,0,,,,,,,,,,1,
The Three Hostages ,"Buchan, John",0,Richard Hannay 4,0,1924,,1,,0,,,,,,,,,,9,
A Passage to India,"Forster, E.M.",0,,4,1924,,1,india,0,,,,,,,,,,1,
Huntingtower,"Buchan, John",0,,0,1922,,0,,0,,,,,,,,,,9,
Mr. Standfast ,"Buchan, John",0,Richard Hannay 3,0,1919,,0,,0,,,,,,,,,,9,
Greenmantle,"Buchan, John",0,Richard Hannay 2,0,1916,,0,,0,,,,,,,,,,9,
The 39 Steps ,"Buchan, John",0,Richard Hannay 1,4,1915,,1,,0,,,,,1,,,,,9,
Victory,"Conrad, Joseph",0,,4,1915,,1,maritime,0,,,,,,,,,,7,
The Shadow-Line,"Conrad, Joseph",0,,3,1915,,0,maritime,0,,,,,,,,,,7,
The Good Soldier,"Ford, Ford Madox",0,,2,1915,,0,,0,,,,,,,,,,1,
Dubliners,"Joyce, James",0,,3,1914,,0,,0,,,,,,,,,1,1,
Prester John,"Buchan, John",0,,0,1910,,0,,0,,,,,,,,,,9,
The Complete Father Brown Stories,"Chesterton, G.K.",0,,5,1910,,1,,0,,,,1,,,,,1,3,
The Secret Sharer,"Conrad, Joseph",0,,3,1910,,0,maritime,0,,,,,,,,,,7,
The Man Who Was Thursday: A Nightmare,"Chesterton, G.K.",0,,4,1908,,1,religion,0,,,1,,1,,,,,3,
The Secret Agent,"Conrad, Joseph",0,,4,1907,,0,,0,,,,,1,,,,,7,
Complete Works of Oscar Wilde,"Wilde, Oscar",0,,4,1907,,1,,0,1,,,,,,,,1,2,
Lord Jim,"Conrad, Joseph",0,,5,1900,,1,maritime,0,,,,,,,,,,7,
Heart of Darkness,"Conrad, Joseph",0,,5,1899,,1,maritime,0,,,,,,,,,,7,
When the Sleeper Wakes,"Wells, H.G.",0,,0,1899,,0,,0,,,,,,,,,,6,
The War of the Worlds,"Wells, H.G.",0,,3,1898,,0,,0,,,,,,,,,,6,
Dracula,"Stoker, Bram",0,,4,1897,,1,,0,,,,,,,,,,1,
The Invisible Man,"Wells, H.G.",0,,3,1897,,0,,0,,,,,,,,,,6,
The Island of Dr. Moreau,"Wells, H.G.",0,,4,1896,,0,,0,,,,,,,,,,6,
The Time Machine,"Wells, H.G.",0,,3,1895,,1,,0,,,,,,,,,,6,
The Great God Pan,"Machen, Arthur",0,,2,1894,,0,,0,,,,,,,,,,1,
News from Nowhere,"Morris, William",0,,3,1890,,0,,0,,,,,,,,,,1,
The Picture of Dorian Gray,"Wilde, Oscar",0,,4,1890,,0,,0,,,,,,,,,,2,
Allan Quatermain,"Haggard, H. Rider",0,,0,1887,,0,,0,,,,,,,,,,3,
She ,"Haggard, H. Rider",0,,0,1886,,1,,0,,,,,,,,,,3,
The Strange Case of Dr. Jekyll and Mr. Hyde,"Stevenson, Robert Louis",0,,3,1886,,0,,0,,,,,,,,,,1,
King Solomon's Mines,"Haggard, H. Rider",0,,0,1885,,1,,0,,,,,,,,,,3,
The Brothers Karamazov,"Dostoyevsky, Fyodor",0,,4,1880,,1,"russia, religion",0,,,,,,,,,,3,
Erewhon ,"Butler, Samuel",0,,3,1872,,0,utopia,0,,1,,,,,,,,1,
Carmilla,"Fanu, J. Sheridan Le",0,,4,1872,,0,,0,,,,,,,,,,2,
The Coming Race,"Bulwer-Lytton, Edward",0,,2,1871,,0,,0,,1,,,,,,,,1,
The Idiot,"Dostoyevsky, Fyodor",0,,4,1869,,1,"russia, ",0,,,,,,,,,,3,
Crime and Punishment,"Dostoyevsky, Fyodor",0,,4,1866,,1,"russia, ",0,,,,,,,,,,3,
Alice's Adventures in Wonderland and Through the Looking-Glass,"Carroll, Lewis",0,,3,1865,,1,,0,,,1,,,,,,,1,
Uncle Silas,"Fanu, J. Sheridan Le",0,,3,1864,,0,,0,,,,,,,,,,2,
Great Expectations,"Dickens, Charles",0,,0,1861,,1,,0,,,,,,,,,,4,
The Woman in White,"Collins, Wilkie",0,,2,1859,,0,,0,,,,1,,,,,,1,
Madame Bovary,"Flaubert, Gustave",0,,4,1856,,1,france,0,,,,,,,,,,1,
Hard Times,"Dickens, Charles",0,,0,1854,,1,,0,,,,,,,,,,4,
Wuthering Heights,"Bronte, Emily",1,,4,1847,,1,gothic,0,,,,,,,,,,1,
Dead Souls,"Gogol, Nikolai",0,,3,1842,,0,russia,0,,,,,,1,,,,1,
Nightmare Abbey & Crotchet Castle,"Peacock, Thomas Love",0,,4,1830,,,Gothic,0,1,,,,,1,,,,1,
Confessions of an English Opium Eater,"Quincey, Thomas de",0,,4,1821,,0,,0,,,,,,,,,,1,
Persuasion,"Austen, Jane",1,,3,1818,,0,,0,,,,,,1,,,,3,
Frankenstein,"Shelley, Mary",1,,4,1818,,1,,0,,,,,,,,,,1,
Northanger Abbey,"Austen, Jane",1,,4,1817,,0,gothic,0,,,,,,1,,,,3,
Old Mortality,"Scott, Walter",0,,0,1816,,0,scotland,17,,,,,,,1,,,2,
Waverley,"Scott, Walter",0,,0,1814,,0,scotland,18,,,,,,,1,,,2,
Pride and Prejudice,"Austen, Jane",1,,4,1813,,0,,0,,,,,,1,,,,3,
The Monk,"Lewis, Matthew Gregory",0,,2,1796,,1,,0,,,,,,,,,,1,
Vathek,"Beckford, William",0,,3,1786,,0,gothic,0,,,,,,,,,,1,
The Pilgrim's Progress,"Bunyan, John",0,,4,1678,,1,religion,0,,,,,,,,,,1,
The New Atlantis,"Bacon, Francis",0,,3,1624,,0,,0,,1,,,,,,,,1,
The Complete Plays,"Marlowe, Christopher",0,,5,1592,,1,,0,1,,,,,,,,,1,
Le Morte d'Arthur: King Arthur and the Legends of the Round Table,"Malory, Thomas",0,,4,1485,,1,,0,,,,,,,,,,1,
Soul Music ,"Pratchett, Terry",0,Discworld 16,,,,,,0,,,,,,,,,,32,
,,,,,,,,,,,,,,,,,,,0,
,,,,,,,,,,,,,,,,,,,0,
,,,,,,,,,,,,,,,,,,,0,
,,,,,,,,,,,,,,,,,,,0,
,,,,,,,,,,,,,,,,,,,0,
,,,,,,,,,,,,,,,,,,,0,
,,,,,,,,,,,,,,,,,,,0,
,,,,,,,,,,,,,,,,,,,0,
,,,,,,,,,,,,,,,,,,,0,
,,,,,,,,,,,,,,,,,,,0,
,,,,,,,,,,,,,,,,,,,0,
,,,,,,,,,,,,,,,,,,,0,
,,,,,,,,,,,,,,,,,,,0,
,,,,,,,,,,,,,,,,,,,0,
,,,,,,,,,,,,,,,,,,,0,
,,,,,,,,,,,,,,,,,,,0,
,,,,,,,,,,,,,,,,,,,0,
,,,,,,,,,,,,,,,,,,,0,
,,,,,,,,,,,,,,,,,,,0,
,,,,,,,,,,,,,,,,,,,0,
,,,,,,,,,,,,,,,,,,,0,
,,,,,,,,,,,,,,,,,,,0,
,,,,,,,,,,,,,,,,,,,0,
,,,,,,,,,,,,,,,,,,,0,
,,,,,,,,,,,,,,,,,,,0,
,,,,,,,,,,,,,,,,,,,0,
,,,,,,,,,,,,,,,,,,,0,
,,,,,,,,,,,,,,,,,,,0,
,,,,,,,,,,,,,,,,,,,0,
,,,,,,,,,,,,,,,,,,,0,
,,,,,,,,,,,,,,,,,,,0,
,,,,,,,,,,,,,,,,,,,0,
,,,,,,,,,,,,,,,,,,,0,
,,,,,,,,,,,,,,,,,,,0,
,,,,,,,,,,,,,,,,,,,0,
,,,,,,,,,,,,,,,,,,,0,
,,,,,,,,,,,,,,,,,,,0,
,,,,,,,,,,,,,,,,,,,0,
,,,,,,,,,,,,,,,,,,,0,
,,,,,,,,,,,,,,,,,,,0,
,,,,,,,,,,,,,,,,,,,0,
,,,,,,,,,,,,,,,,,,,0,
,,,,,,,,,,,,,,,,,,,0,
,,,,,,,,,,,,,,,,,,,0,
,,,,,,,,,,,,,,,,,,,0,
,,,,,,,,,,,,,,,,,,,0,
,,,,,,,,,,,,,,,,,,,0,
,,,,,,,,,,,,,,,,,,,0,
,,,,,,,,,,,,,,,,,,,0,
,,,,,,,,,,,,,,,,,,,0,
,,,,,,,,,,,,,,,,,,,0,
,,,,,,,,,,,,,,,,,,,0,
,,,,,,,,,,,,,,,,,,,0,
,,,,,,,,,,,,,,,,,,,0,
,,,,,,,,,,,,,,,,,,,0,
,,,,,,,,,,,,,,,,,,,0,
,,,,,,,,,,,,,,,,,,,0,
,,,,,,,,,,,,,,,,,,,0,
,,,,,,,,,,,,,,,,,,,0,
,,,,,,,,,,,,,,,,,,,0,
,,,,,,,,,,,,,,,,,,,0,
,,,,,,,,,,,,,,,,,,,0,
,,,,,,,,,,,,,,,,,,,0,
,,,,,,,,,,,,,,,,,,,0,
,,,,,,,,,,,,,,,,,,,0,
,,,,,,,,,,,,,,,,,,,0,
,,,,,,,,,,,,,,,,,,,0,
,,,,,,,,,,,,,,,,,,,0,
,,,,,,,,,,,,,,,,,,,0,
,,,,,,,,,,,,,,,,,,,0,
,,,,,,,,,,,,,,,,,,,0,
,,,,,,,,,,,,,,,,,,,0,
,,,,,,,,,,,,,,,,,,,0,
,,,,,,,,,,,,,,,,,,,0,
,,,,,,,,,,,,,,,,,,,0,
,,,,,,,,,,,,,,,,,,,0,
,,,,,,,,,,,,,,,,,,,0,
,,,,,,,,,,,,,,,,,,,0,
,,,,,,,,,,,,,,,,,,,0,
,,,,,,,,,,,,,,,,,,,0,
,,,,,,,,,,,,,,,,,,,0,
,,,,,,,,,,,,,,,,,,,0,
,,,,,,,,,,,,,,,,,,,0,
,,,,,,,,,,,,,,,,,,,0,
,,,,,,,,,,,,,,,,,,,0,
,,,,,,,,,,,,,,,,,,,0,
,,,,,,,,,,,,,,,,,,,0,
,,,,,,,,,,,,,,,,,,,0,
,,,,,,,,,,,,,,,,,,,0,
,,,,,,,,,,,,,,,,,,,0,
,,,,,,,,,,,,,,,,,,,0,
,,,,,,,,,,,,,,,,,,,0,
,,,,,,,,,,,,,,,,,,,0,
,,,,,,,,,,,,,,,,,,,0,
,,,,,,,,,,,,,,,,,,,0,
,,,,,,,,,,,,,,,,,,,0,
,,,,,,,,,,,,,,,,,,,0,
,,,,,,,,,,,,,,,,,,,0,
,,,,,,,,,,,,,,,,,,,0,
,,,,,,,,,,,,,,,,,,,0,
,,,,,,,,,,,,,,,,,,,0,
,,,,,,,,,,,,,,,,,,,0,
,,,,,,,,,,,,,,,,,,,0,
,,,,,,,,,,,,,,,,,,,0,
,,,,,,,,,,,,,,,,,,,0,
,,,,,,,,,,,,,,,,,,,0,
,,,,,,,,,,,,,,,,,,,0,
,,,,,,,,,,,,,,,,,,,0,
,,,,,,,,,,,,,,,,,,,0,
,,,,,,,,,,,,,,,,,,,0,
,,,,,,,,,,,,,,,,,,,0,
,,,,,,,,,,,,,,,,,,,0,
,,,,,,,,,,,,,,,,,,,0,
,,,,,,,,,,,,,,,,,,,0,
,,,,,,,,,,,,,,,,,,,0,
,,,,,,,,,,,,,,,,,,,0,
,,,,,,,,,,,,,,,,,,,0,
,,,,,,,,,,,,,,,,,,,0,
,,,,,,,,,,,,,,,,,,,0,
,,,,,,,,,,,,,,,,,,,0,
,,,,,,,,,,,,,,,,,,,0,
,,,,,,,,,,,,,,,,,,,0,
,,,,,,,,,,,,,,,,,,,0,
,,,,,,,,,,,,,,,,,,,0,
,,,,,,,,,,,,,,,,,,,0,
,,,,,,,,,,,,,,,,,,,0,
,,,,,,,,,,,,,,,,,,,0,
,,,,,,,,,,,,,,,,,,,0,
,,,,,,,,,,,,,,,,,,,0,
,,,,,,,,,,,,,,,,,,,0,
,,,,,,,,,,,,,,,,,,,0,
,,,,,,,,,,,,,,,,,,,0,
,,,,,,,,,,,,,,,,,,,0,
,,,,,,,,,,,,,,,,,,,0,
,,,,,,,,,,,,,,,,,,,0,
,,,,,,,,,,,,,,,,,,,0,
,,,,,,,,,,,,,,,,,,,0,
,,,,,,,,,,,,,,,,,,,0,
,,,,,,,,,,,,,,,,,,,0,
,,,,,,,,,,,,,,,,,,,0,
,,,,,,,,,,,,,,,,,,,0,
,,,,,,,,,,,,,,,,,,,0,
,,,,,,,,,,,,,,,,,,,0,
,,,,,,,,,,,,,,,,,,,0,
,,,,,,,,,,,,,,,,,,,0,
,,,,,,,,,,,,,,,,,,,0,
,,,,,,,,,,,,,,,,,,,0,
,,,,,,,,,,,,,,,,,,,0,
,,,,,,,,,,,,,,,,,,,0,
,,,,,,,,,,,,,,,,,,,0,
,,,,,,,,,,,,,,,,,,,0,
,,,,,,,,,,,,,,,,,,,0,
,,,,,,,,,,,,,,,,,,,0,
,,,,,,,,,,,,,,,,,,,0,
,,,,,,,,,,,,,,,,,,,0,
,,,,,,,,,,,,,,,,,,,0,
,,,,,,,,,,,,,,,,,,,0,
,,,,,,,,,,,,,,,,,,,0,
,,,,,,,,,,,,,,,,,,,0,
,,,,,,,,,,,,,,,,,,,0,
,,,,,,,,,,,,,,,,,,,0,
,,,,,,,,,,,,,,,,,,,0,
,,,,,,,,,,,,,,,,,,,0,
,,,,,,,,,,,,,,,,,,,0,
,,,,,,,,,,,,,,,,,,,0,
,,,,,,,,,,,,,,,,,,,0,
,,,,,,,,,,,,,,,,,,,0,
,,,,,,,,,,,,,,,,,,,0,
,,,,,,,,,,,,,,,,,,,0,
,,,,,,,,,,,,,,,,,,,0,
,,,,,,,,,,,,,,,,,,,0,
,,,,,,,,,,,,,,,,,,,0,
,,,,,,,,,,,,,,,,,,,0,
,,,,,,,,,,,,,,,,,,,0,
,,,,,,,,,,,,,,,,,,,0,
,,,,,,,,,,,,,,,,,,,0,
,,,,,,,,,,,,,,,,,,,0,
,,,,,,,,,,,,,,,,,,,0,
,,,,,,,,,,,,,,,,,,,0,
,,,,,,,,,,,,,,,,,,,0,
,,,,,,,,,,,,,,,,,,,0,
,,,,,,,,,,,,,,,,,,,0,
,,,,,,,,,,,,,,,,,,,0,
,,,,,,,,,,,,,,,,,,,0,
,,,,,,,,,,,,,,,,,,,0,
,,,,,,,,,,,,,,,,,,,0,
,,,,,,,,,,,,,,,,,,,0,
,,,,,,,,,,,,,,,,,,,0,
,,,,,,,,,,,,,,,,,,,0,
,,,,,,,,,,,,,,,,,,,0,
,,,,,,,,,,,,,,,,,,,0,
,,,,,,,,,,,,,,,,,,,0,
,,,,,,,,,,,,,,,,,,,0,
,,,,,,,,,,,,,,,,,,,0,
,,,,,,,,,,,,,,,,,,,0,
,,,,,,,,,,,,,,,,,,,0,
,,,,,,,,,,,,,,,,,,,0,
,,,,,,,,,,,,,,,,,,,0,
,,,,,,,,,,,,,,,,,,,0,
,,,,,,,,,,,,,,,,,,,0,
,,,,,,,,,,,,,,,,,,,0,
,,,,,,,,,,,,,,,,,,,0,
,,,,,,,,,,,,,,,,,,,0,
,,,,,,,,,,,,,,,,,,,0,
,,,,,,,,,,,,,,,,,,,0,
,,,,,,,,,,,,,,,,,,,0,
,,,,,,,,,,,,,,,,,,,0,
,,,,,,,,,,,,,,,,,,,0,
,,,,,,,,,,,,,,,,,,,0,
,,,,,,,,,,,,,,,,,,,0,
,,,,,,,,,,,,,,,,,,,0,
,,,,,,,,,,,,,,,,,,,0,
,,,,,,,,,,,,,,,,,,,0,
,,,,,,,,,,,,,,,,,,,0,
,,,,,,,,,,,,,,,,,,,0,
,,,,,,,,,,,,,,,,,,,0,
,,,,,,,,,,,,,,,,,,,0,
,,,,,,,,,,,,,,,,,,,0,
,,,,,,,,,,,,,,,,,,,0,
,,,,,,,,,,,,,,,,,,,0,
,,,,,,,,,,,,,,,,,,,0,
,,,,,,,,,,,,,,,,,,,0,
,,,,,,,,,,,,,,,,,,,0,
,,,,,,,,,,,,,,,,,,,0,
,,,,,,,,,,,,,,,,,,,0,
,,,,,,,,,,,,,,,,,,,0,
,,,,,,,,,,,,,,,,,,,0,
,,,,,,,,,,,,,,,,,,,0,
,,,,,,,,,,,,,,,,,,,0,
,,,,,,,,,,,,,,,,,,,0,
,,,,,,,,,,,,,,,,,,,0,
,,,,,,,,,,,,,,,,,,,0,
,,,,,,,,,,,,,,,,,,,0,
,,,,,,,,,,,,,,,,,,,0,
,,,,,,,,,,,,,,,,,,,0,
,,,,,,,,,,,,,,,,,,,0,
,,,,,,,,,,,,,,,,,,,0,
,,,,,,,,,,,,,,,,,,,0,
,,,,,,,,,,,,,,,,,,,0,
,,,,,,,,,,,,,,,,,,,0,
,,,,,,,,,,,,,,,,,,,0,
,,,,,,,,,,,,,,,,,,,0,
,,,,,,,,,,,,,,,,,,,0,
,,,,,,,,,,,,,,,,,,,0,
,,,,,,,,,,,,,,,,,,,0,
,,,,,,,,,,,,,,,,,,,0,
,,,,,,,,,,,,,,,,,,,0,
,,,,,,,,,,,,,,,,,,,0,
,,,,,,,,,,,,,,,,,,,0,
,,,,,,,,,,,,,,,,,,,0,
,,,,,,,,,,,,,,,,,,,0,
,,,,,,,,,,,,,,,,,,,0,
,,,,,,,,,,,,,,,,,,,0,
,,,,,,,,,,,,,,,,,,,0,
,,,,,,,,,,,,,,,,,,,0,
,,,,,,,,,,,,,,,,,,,0,
,,,,,,,,,,,,,,,,,,,0,
,,,,,,,,,,,,,,,,,,,0,
,,,,,,,,,,,,,,,,,,,0,
,,,,,,,,,,,,,,,,,,,0,
,,,,,,,,,,,,,,,,,,,0,
,,,,,,,,,,,,,,,,,,,0,
,,,,,,,,,,,,,,,,,,,0,